tau_A,tau_C,tau_V,group,name,reference_jaccard,overall_reference_jaccard,n,n_determinate,n_indeterminate,sf_count,sf_rate_observed,sf_lower_bound,sf_upper_bound,risk_rank,reference_risk_rank,rank_change
0.4,0.6,0.4,model,qwen25_3b,0.9573078091765421,0.9513837638376383,12000,11709,291,6347,0.5420616619694252,0.5289166666666667,0.5531666666666667,1,1,0
0.4,0.6,0.4,model,qwen25_7b,0.9630365659777425,0.9513837638376383,12000,11920,80,4853,0.4071308724832215,0.40441666666666665,0.41108333333333336,4,4,0
0.4,0.6,0.4,model,mistral_7b,0.9265608465608466,0.9513837638376383,12000,11492,508,4470,0.388966237382527,0.3725,0.41483333333333333,5,5,0
0.4,0.6,0.4,model,phi35_mini,0.9438611527748018,0.9513837638376383,12000,11792,208,4406,0.37364314789687925,0.36716666666666664,0.3845,6,6,0
0.4,0.6,0.4,model,granite33_8b,0.9688087774294671,0.9513837638376383,12000,11887,113,6205,0.5219988222427863,0.5170833333333333,0.5265,2,2,0
0.4,0.6,0.4,model,falcon3_7b,0.9403973509933775,0.9513837638376383,12000,11616,384,4885,0.42054063360881544,0.40708333333333335,0.4390833333333333,3,3,0
0.4,0.6,0.4,condition,clean,0.959108610990913,0.9513837638376383,12000,11667,333,4449,0.3813319619439445,0.37075,0.3985,4,4,0
0.4,0.6,0.4,condition,missing,0.9465052713783678,0.9513837638376383,12000,11828,172,4930,0.4168075752451809,0.41083333333333333,0.4251666666666667,2,3,-1
0.4,0.6,0.4,condition,partial,0.9139743834830816,0.9513837638376383,12000,11698,302,4846,0.41425884766626775,0.4038333333333333,0.429,3,2,1
0.4,0.6,0.4,condition,noisy,0.9535299374441466,0.9513837638376383,12000,11726,274,4292,0.3660242196827563,0.3576666666666667,0.3805,5,5,0
0.4,0.6,0.4,condition,stale,0.9730751604032998,0.9513837638376383,12000,11799,201,8515,0.7216713280786508,0.7095833333333333,0.7263333333333334,1,1,0
0.4,0.6,0.4,condition,contradictory,0.9481686247408431,0.9513837638376383,12000,11698,302,4134,0.3533937425200889,0.3445,0.36966666666666664,6,6,0
0.4,0.6,0.4,dataset_condition,hotpotqa|clean,0.8883116883116883,0.9513837638376383,1500,1491,9,342,0.22937625754527163,0.228,0.234,33,32,1
0.4,0.6,0.4,dataset_condition,hotpotqa|missing,0.9758269720101781,0.9513837638376383,1500,1492,8,767,0.5140750670241286,0.5113333333333333,0.5166666666666667,20,20,0
0.4,0.6,0.4,dataset_condition,hotpotqa|partial,0.9442176870748299,0.9513837638376383,1500,1497,3,696,0.4649298597194389,0.464,0.466,23,21,2
0.4,0.6,0.4,dataset_condition,hotpotqa|noisy,0.8604651162790697,0.9513837638376383,1500,1494,6,371,0.24832663989290496,0.24733333333333332,0.25133333333333335,30,30,0
0.4,0.6,0.4,dataset_condition,hotpotqa|stale,0.9819616685456595,0.9513837638376383,1500,1489,11,871,0.5849563465413029,0.5806666666666667,0.588,12,14,-2
0.4,0.6,0.4,dataset_condition,hotpotqa|contradictory,0.8834355828220859,0.9513837638376383,1500,1487,13,288,0.1936785474108944,0.192,0.20066666666666666,35,34,1
0.4,0.6,0.4,dataset_condition,fever|clean,0.9880952380952381,0.9513837638376383,1500,1439,61,84,0.05837387074357193,0.056,0.09666666666666666,41,41,0
0.4,0.6,0.4,dataset_condition,fever|missing,0.9072847682119205,0.9513837638376383,1500,1473,27,151,0.10251188051595383,0.10066666666666667,0.11866666666666667,37,38,-1
0.4,0.6,0.4,dataset_condition,fever|partial,0.9699248120300752,0.9513837638376383,1500,1395,105,133,0.0953405017921147,0.08866666666666667,0.15866666666666668,38,39,-1
0.4,0.6,0.4,dataset_condition,fever|noisy,0.9878048780487805,0.9513837638376383,1500,1415,85,82,0.057950530035335686,0.05466666666666667,0.11133333333333334,42,42,0
0.4,0.6,0.4,dataset_condition,fever|stale,0.9911242603550295,0.9513837638376383,1500,1459,41,676,0.46333104866346814,0.45066666666666666,0.478,24,24,0
0.4,0.6,0.4,dataset_condition,fever|contradictory,0.9696969696969697,0.9513837638376383,1500,1418,82,132,0.0930888575458392,0.088,0.14266666666666666,39,40,-1
0.4,0.6,0.4,dataset_condition,pubmedqa|clean,0.9901873327386262,0.9513837638376383,3000,2893,107,1121,0.38748703767715176,0.37366666666666665,0.4093333333333333,26,26,0
0.4,0.6,0.4,dataset_condition,pubmedqa|missing,0.9243937232524965,0.9513837638376383,3000,2990,10,701,0.23444816053511705,0.23366666666666666,0.237,32,35,-3
0.4,0.6,0.4,dataset_condition,pubmedqa|partial,0.9683184402924452,0.9513837638376383,3000,2905,95,1231,0.42375215146299483,0.4103333333333333,0.442,25,25,0
0.4,0.6,0.4,dataset_condition,pubmedqa|noisy,0.9822222222222222,0.9513837638376383,3000,2907,93,1125,0.38699690402476783,0.375,0.406,27,27,0
0.4,0.6,0.4,dataset_condition,pubmedqa|stale,0.9953409572215163,0.9513837638376383,3000,2948,52,2361,0.8008819538670285,0.787,0.8043333333333333,4,4,0
0.4,0.6,0.4,dataset_condition,pubmedqa|contradictory,0.9869608826479438,0.9513837638376383,3000,2908,92,997,0.34284731774415406,0.3323333333333333,0.363,28,29,-1
0.4,0.6,0.4,dataset_condition,cuad|clean,0.6644295302013423,0.9513837638376383,1500,1425,75,99,0.06947368421052631,0.066,0.116,40,37,3
0.4,0.6,0.4,dataset_condition,cuad|missing,0.950965824665676,0.9513837638376383,1500,1449,51,1280,0.883367839889579,0.8533333333333334,0.8873333333333333,1,1,0
0.4,0.6,0.4,dataset_condition,cuad|partial,0.5133214920071048,0.9513837638376383,1500,1483,17,297,0.2002697235333783,0.198,0.20933333333333334,34,28,6
0.4,0.6,0.4,dataset_condition,cuad|noisy,0.9304123711340206,0.9513837638376383,1500,1450,50,361,0.2489655172413793,0.24066666666666667,0.274,29,31,-2
0.4,0.6,0.4,dataset_condition,cuad|stale,0.9457973291437549,0.9513837638376383,1500,1436,64,1207,0.8405292479108635,0.8046666666666666,0.8473333333333334,3,2,1
0.4,0.6,0.4,dataset_condition,cuad|contradictory,0.8415300546448088,0.9513837638376383,1500,1444,56,155,0.10734072022160665,0.10333333333333333,0.14066666666666666,36,36,0
0.4,0.6,0.4,dataset_condition,casehold|clean,0.9242590559824369,0.9513837638376383,1500,1442,58,846,0.5866851595006934,0.564,0.6026666666666667,10,11,-1
0.4,0.6,0.4,dataset_condition,casehold|missing,0.8952991452991453,0.9513837638376383,1500,1443,57,845,0.5855855855855856,0.5633333333333334,0.6013333333333334,11,10,1
0.4,0.6,0.4,dataset_condition,casehold|partial,0.929372197309417,0.9513837638376383,1500,1434,66,835,0.5822873082287309,0.5566666666666666,0.6006666666666667,13,13,0
0.4,0.6,0.4,dataset_condition,casehold|noisy,0.9176598049837487,0.9513837638376383,1500,1478,22,848,0.5737483085250338,0.5653333333333334,0.58,14,12,2
0.4,0.6,0.4,dataset_condition,casehold|stale,0.894829097283085,0.9513837638376383,1500,1488,12,1021,0.6861559139784946,0.6806666666666666,0.6886666666666666,7,5,2
0.4,0.6,0.4,dataset_condition,casehold|contradictory,0.8772819472616633,0.9513837638376383,1500,1465,35,865,0.590443686006826,0.5766666666666667,0.6,9,9,0
0.4,0.6,0.4,dataset_condition,finqa|clean,1.0,0.9513837638376383,1500,1482,18,1122,0.757085020242915,0.748,0.76,5,6,-1
0.4,0.6,0.4,dataset_condition,finqa|missing,0.9917355371900827,0.9513837638376383,1500,1496,4,363,0.2426470588235294,0.242,0.24466666666666667,31,33,-2
0.4,0.6,0.4,dataset_condition,finqa|partial,0.9975550122249389,0.9513837638376383,1500,1492,8,818,0.5482573726541555,0.5453333333333333,0.5506666666666666,18,18,0
0.4,0.6,0.4,dataset_condition,finqa|noisy,0.9987562189054726,0.9513837638376383,1500,1496,4,804,0.5374331550802139,0.536,0.5386666666666666,19,19,0
0.4,0.6,0.4,dataset_condition,finqa|stale,1.0,0.9513837638376383,1500,1499,1,1269,0.8465643762508339,0.846,0.8466666666666667,2,3,-1
0.4,0.6,0.4,dataset_condition,finqa|contradictory,1.0,0.9513837638376383,1500,1484,16,1000,0.6738544474393531,0.6666666666666666,0.6773333333333333,8,8,0
0.4,0.6,0.4,dataset_condition,tatqa|clean,0.9823529411764705,0.9513837638376383,1500,1495,5,835,0.5585284280936454,0.5566666666666666,0.56,16,16,0
0.4,0.6,0.4,dataset_condition,tatqa|missing,0.9749702026221693,0.9513837638376383,1500,1485,15,823,0.5542087542087543,0.5486666666666666,0.5586666666666666,17,17,0
0.4,0.6,0.4,dataset_condition,tatqa|partial,0.9685681024447031,0.9513837638376383,1500,1492,8,836,0.5603217158176944,0.5573333333333333,0.5626666666666666,15,15,0
0.4,0.6,0.4,dataset_condition,tatqa|noisy,0.9682320441988951,0.9513837638376383,1500,1486,14,701,0.4717362045760431,0.4673333333333333,0.4766666666666667,21,22,-1
0.4,0.6,0.4,dataset_condition,tatqa|stale,0.9884032114183765,0.9513837638376383,1500,1480,20,1110,0.75,0.74,0.7533333333333333,6,7,-1
0.4,0.6,0.4,dataset_condition,tatqa|contradictory,0.9721059972105998,0.9513837638376383,1500,1492,8,697,0.4671581769436997,0.4646666666666667,0.47,22,23,-1
0.4,0.6,0.5,model,qwen25_3b,0.9573078091765421,0.9514130200805683,12000,11709,291,6347,0.5420616619694252,0.5289166666666667,0.5531666666666667,1,1,0
0.4,0.6,0.5,model,qwen25_7b,0.9630365659777425,0.9514130200805683,12000,11920,80,4853,0.4071308724832215,0.40441666666666665,0.41108333333333336,4,4,0
0.4,0.6,0.5,model,mistral_7b,0.9267569856054191,0.9514130200805683,12000,11492,508,4469,0.38887922032718414,0.3724166666666667,0.41475,5,5,0
0.4,0.6,0.5,model,phi35_mini,0.9438611527748018,0.9514130200805683,12000,11792,208,4406,0.37364314789687925,0.36716666666666664,0.3845,6,6,0
0.4,0.6,0.5,model,granite33_8b,0.9688087774294671,0.9514130200805683,12000,11887,113,6205,0.5219988222427863,0.5170833333333333,0.5265,2,2,0
0.4,0.6,0.5,model,falcon3_7b,0.9403973509933775,0.9514130200805683,12000,11616,384,4885,0.42054063360881544,0.40708333333333335,0.4390833333333333,3,3,0
0.4,0.6,0.5,condition,clean,0.959108610990913,0.9514130200805683,12000,11667,333,4449,0.3813319619439445,0.37075,0.3985,4,4,0
0.4,0.6,0.5,condition,missing,0.9465052713783678,0.9514130200805683,12000,11828,172,4930,0.4168075752451809,0.41083333333333333,0.4251666666666667,2,3,-1
0.4,0.6,0.5,condition,partial,0.9139743834830816,0.9514130200805683,12000,11698,302,4846,0.41425884766626775,0.4038333333333333,0.429,3,2,1
0.4,0.6,0.5,condition,noisy,0.9537430167597766,0.9514130200805683,12000,11726,274,4291,0.3659389391096708,0.3575833333333333,0.3804166666666667,5,5,0
0.4,0.6,0.5,condition,stale,0.9730751604032998,0.9514130200805683,12000,11799,201,8515,0.7216713280786508,0.7095833333333333,0.7263333333333334,1,1,0
0.4,0.6,0.5,condition,contradictory,0.9481686247408431,0.9514130200805683,12000,11698,302,4134,0.3533937425200889,0.3445,0.36966666666666664,6,6,0
0.4,0.6,0.5,dataset_condition,hotpotqa|clean,0.8883116883116883,0.9514130200805683,1500,1491,9,342,0.22937625754527163,0.228,0.234,33,32,1
0.4,0.6,0.5,dataset_condition,hotpotqa|missing,0.9758269720101781,0.9514130200805683,1500,1492,8,767,0.5140750670241286,0.5113333333333333,0.5166666666666667,20,20,0
0.4,0.6,0.5,dataset_condition,hotpotqa|partial,0.9442176870748299,0.9514130200805683,1500,1497,3,696,0.4649298597194389,0.464,0.466,23,21,2
0.4,0.6,0.5,dataset_condition,hotpotqa|noisy,0.8624708624708625,0.9514130200805683,1500,1494,6,370,0.24765729585006693,0.24666666666666667,0.25066666666666665,30,30,0
0.4,0.6,0.5,dataset_condition,hotpotqa|stale,0.9819616685456595,0.9514130200805683,1500,1489,11,871,0.5849563465413029,0.5806666666666667,0.588,12,14,-2
0.4,0.6,0.5,dataset_condition,hotpotqa|contradictory,0.8834355828220859,0.9514130200805683,1500,1487,13,288,0.1936785474108944,0.192,0.20066666666666666,35,34,1
0.4,0.6,0.5,dataset_condition,fever|clean,0.9880952380952381,0.9514130200805683,1500,1439,61,84,0.05837387074357193,0.056,0.09666666666666666,41,41,0
0.4,0.6,0.5,dataset_condition,fever|missing,0.9072847682119205,0.9514130200805683,1500,1473,27,151,0.10251188051595383,0.10066666666666667,0.11866666666666667,37,38,-1
0.4,0.6,0.5,dataset_condition,fever|partial,0.9699248120300752,0.9514130200805683,1500,1395,105,133,0.0953405017921147,0.08866666666666667,0.15866666666666668,38,39,-1
0.4,0.6,0.5,dataset_condition,fever|noisy,0.9878048780487805,0.9514130200805683,1500,1415,85,82,0.057950530035335686,0.05466666666666667,0.11133333333333334,42,42,0
0.4,0.6,0.5,dataset_condition,fever|stale,0.9911242603550295,0.9514130200805683,1500,1459,41,676,0.46333104866346814,0.45066666666666666,0.478,24,24,0
0.4,0.6,0.5,dataset_condition,fever|contradictory,0.9696969696969697,0.9514130200805683,1500,1418,82,132,0.0930888575458392,0.088,0.14266666666666666,39,40,-1
0.4,0.6,0.5,dataset_condition,pubmedqa|clean,0.9901873327386262,0.9514130200805683,3000,2893,107,1121,0.38748703767715176,0.37366666666666665,0.4093333333333333,26,26,0
0.4,0.6,0.5,dataset_condition,pubmedqa|missing,0.9243937232524965,0.9514130200805683,3000,2990,10,701,0.23444816053511705,0.23366666666666666,0.237,32,35,-3
0.4,0.6,0.5,dataset_condition,pubmedqa|partial,0.9683184402924452,0.9514130200805683,3000,2905,95,1231,0.42375215146299483,0.4103333333333333,0.442,25,25,0
0.4,0.6,0.5,dataset_condition,pubmedqa|noisy,0.9822222222222222,0.9514130200805683,3000,2907,93,1125,0.38699690402476783,0.375,0.406,27,27,0
0.4,0.6,0.5,dataset_condition,pubmedqa|stale,0.9953409572215163,0.9514130200805683,3000,2948,52,2361,0.8008819538670285,0.787,0.8043333333333333,4,4,0
0.4,0.6,0.5,dataset_condition,pubmedqa|contradictory,0.9869608826479438,0.9514130200805683,3000,2908,92,997,0.34284731774415406,0.3323333333333333,0.363,28,29,-1
0.4,0.6,0.5,dataset_condition,cuad|clean,0.6644295302013423,0.9514130200805683,1500,1425,75,99,0.06947368421052631,0.066,0.116,40,37,3
0.4,0.6,0.5,dataset_condition,cuad|missing,0.950965824665676,0.9514130200805683,1500,1449,51,1280,0.883367839889579,0.8533333333333334,0.8873333333333333,1,1,0
0.4,0.6,0.5,dataset_condition,cuad|partial,0.5133214920071048,0.9514130200805683,1500,1483,17,297,0.2002697235333783,0.198,0.20933333333333334,34,28,6
0.4,0.6,0.5,dataset_condition,cuad|noisy,0.9304123711340206,0.9514130200805683,1500,1450,50,361,0.2489655172413793,0.24066666666666667,0.274,29,31,-2
0.4,0.6,0.5,dataset_condition,cuad|stale,0.9457973291437549,0.9514130200805683,1500,1436,64,1207,0.8405292479108635,0.8046666666666666,0.8473333333333334,3,2,1
0.4,0.6,0.5,dataset_condition,cuad|contradictory,0.8415300546448088,0.9514130200805683,1500,1444,56,155,0.10734072022160665,0.10333333333333333,0.14066666666666666,36,36,0
0.4,0.6,0.5,dataset_condition,casehold|clean,0.9242590559824369,0.9514130200805683,1500,1442,58,846,0.5866851595006934,0.564,0.6026666666666667,10,11,-1
0.4,0.6,0.5,dataset_condition,casehold|missing,0.8952991452991453,0.9514130200805683,1500,1443,57,845,0.5855855855855856,0.5633333333333334,0.6013333333333334,11,10,1
0.4,0.6,0.5,dataset_condition,casehold|partial,0.929372197309417,0.9514130200805683,1500,1434,66,835,0.5822873082287309,0.5566666666666666,0.6006666666666667,13,13,0
0.4,0.6,0.5,dataset_condition,casehold|noisy,0.9176598049837487,0.9514130200805683,1500,1478,22,848,0.5737483085250338,0.5653333333333334,0.58,14,12,2
0.4,0.6,0.5,dataset_condition,casehold|stale,0.894829097283085,0.9514130200805683,1500,1488,12,1021,0.6861559139784946,0.6806666666666666,0.6886666666666666,7,5,2
0.4,0.6,0.5,dataset_condition,casehold|contradictory,0.8772819472616633,0.9514130200805683,1500,1465,35,865,0.590443686006826,0.5766666666666667,0.6,9,9,0
0.4,0.6,0.5,dataset_condition,finqa|clean,1.0,0.9514130200805683,1500,1482,18,1122,0.757085020242915,0.748,0.76,5,6,-1
0.4,0.6,0.5,dataset_condition,finqa|missing,0.9917355371900827,0.9514130200805683,1500,1496,4,363,0.2426470588235294,0.242,0.24466666666666667,31,33,-2
0.4,0.6,0.5,dataset_condition,finqa|partial,0.9975550122249389,0.9514130200805683,1500,1492,8,818,0.5482573726541555,0.5453333333333333,0.5506666666666666,18,18,0
0.4,0.6,0.5,dataset_condition,finqa|noisy,0.9987562189054726,0.9514130200805683,1500,1496,4,804,0.5374331550802139,0.536,0.5386666666666666,19,19,0
0.4,0.6,0.5,dataset_condition,finqa|stale,1.0,0.9514130200805683,1500,1499,1,1269,0.8465643762508339,0.846,0.8466666666666667,2,3,-1
0.4,0.6,0.5,dataset_condition,finqa|contradictory,1.0,0.9514130200805683,1500,1484,16,1000,0.6738544474393531,0.6666666666666666,0.6773333333333333,8,8,0
0.4,0.6,0.5,dataset_condition,tatqa|clean,0.9823529411764705,0.9514130200805683,1500,1495,5,835,0.5585284280936454,0.5566666666666666,0.56,16,16,0
0.4,0.6,0.5,dataset_condition,tatqa|missing,0.9749702026221693,0.9514130200805683,1500,1485,15,823,0.5542087542087543,0.5486666666666666,0.5586666666666666,17,17,0
0.4,0.6,0.5,dataset_condition,tatqa|partial,0.9685681024447031,0.9514130200805683,1500,1492,8,836,0.5603217158176944,0.5573333333333333,0.5626666666666666,15,15,0
0.4,0.6,0.5,dataset_condition,tatqa|noisy,0.9682320441988951,0.9514130200805683,1500,1486,14,701,0.4717362045760431,0.4673333333333333,0.4766666666666667,21,22,-1
0.4,0.6,0.5,dataset_condition,tatqa|stale,0.9884032114183765,0.9514130200805683,1500,1480,20,1110,0.75,0.74,0.7533333333333333,6,7,-1
0.4,0.6,0.5,dataset_condition,tatqa|contradictory,0.9721059972105998,0.9514130200805683,1500,1492,8,697,0.4671581769436997,0.4646666666666667,0.47,22,23,-1
0.4,0.6,0.6,model,qwen25_3b,0.9568520206624126,0.9448528280995294,12000,11709,291,6344,0.5418054488000683,0.5286666666666666,0.5529166666666666,1,1,0
0.4,0.6,0.6,model,qwen25_7b,0.9598569157392687,0.9448528280995294,12000,11921,79,4837,0.4057545507927187,0.40308333333333335,0.4096666666666667,4,4,0
0.4,0.6,0.6,model,mistral_7b,0.9173728813559322,0.9448528280995294,12000,11492,508,4417,0.3843543334493561,0.3680833333333333,0.41041666666666665,5,5,0
0.4,0.6,0.6,model,phi35_mini,0.9322905506749518,0.9448528280995294,12000,11792,208,4352,0.36906377204884666,0.3626666666666667,0.38,6,6,0
0.4,0.6,0.6,model,granite33_8b,0.9658253644771908,0.9448528280995294,12000,11888,112,6184,0.5201884253028264,0.5153333333333333,0.5246666666666666,2,2,0
0.4,0.6,0.6,model,falcon3_7b,0.9253847652444964,0.9448528280995294,12000,11623,377,4806,0.41349049298804097,0.4005,0.43191666666666667,3,3,0
0.4,0.6,0.6,condition,clean,0.9500216356555604,0.9448528280995294,12000,11671,329,4407,0.37760260474680835,0.36725,0.39466666666666667,4,4,0
0.4,0.6,0.6,condition,missing,0.9437609841827768,0.9448528280995294,12000,11828,172,4914,0.415454852891444,0.4095,0.42383333333333334,2,3,-1
0.4,0.6,0.6,condition,partial,0.9137832154463774,0.9448528280995294,12000,11698,302,4845,0.4141733629680287,0.40375,0.42891666666666667,3,2,1
0.4,0.6,0.6,condition,noisy,0.9333631484794276,0.9448528280995294,12000,11729,271,4194,0.35757524085599796,0.3495,0.3720833333333333,5,5,0
0.4,0.6,0.6,condition,stale,0.9708949237997021,0.9448528280995294,12000,11799,201,8494,0.719891516230189,0.7078333333333333,0.7245833333333334,1,1,0
0.4,0.6,0.6,condition,contradictory,0.937557603686636,0.9448528280995294,12000,11700,300,4086,0.34923076923076923,0.3405,0.3655,6,6,0
0.4,0.6,0.6,dataset_condition,hotpotqa|clean,0.8753246753246753,0.9448528280995294,1500,1491,9,337,0.2260228034875922,0.22466666666666665,0.23066666666666666,33,32,1
0.4,0.6,0.6,dataset_condition,hotpotqa|missing,0.9720101781170484,0.9448528280995294,1500,1492,8,764,0.5120643431635389,0.5093333333333333,0.5146666666666667,20,20,0
0.4,0.6,0.6,dataset_condition,hotpotqa|partial,0.9442176870748299,0.9448528280995294,1500,1497,3,696,0.4649298597194389,0.464,0.466,22,21,1
0.4,0.6,0.6,dataset_condition,hotpotqa|noisy,0.8414918414918415,0.9448528280995294,1500,1494,6,361,0.24163319946452477,0.24066666666666667,0.24466666666666667,30,30,0
0.4,0.6,0.6,dataset_condition,hotpotqa|stale,0.9774520856820744,0.9448528280995294,1500,1489,11,867,0.5822699798522498,0.578,0.5853333333333334,13,14,-1
0.4,0.6,0.6,dataset_condition,hotpotqa|contradictory,0.8711656441717791,0.9448528280995294,1500,1487,13,284,0.19098856758574312,0.18933333333333333,0.198,35,34,1
0.4,0.6,0.6,dataset_condition,fever|clean,0.9880952380952381,0.9448528280995294,1500,1439,61,84,0.05837387074357193,0.056,0.09666666666666666,41,41,0
0.4,0.6,0.6,dataset_condition,fever|missing,0.9072847682119205,0.9448528280995294,1500,1473,27,151,0.10251188051595383,0.10066666666666667,0.11866666666666667,37,38,-1
0.4,0.6,0.6,dataset_condition,fever|partial,0.9699248120300752,0.9448528280995294,1500,1395,105,133,0.0953405017921147,0.08866666666666667,0.15866666666666668,38,39,-1
0.4,0.6,0.6,dataset_condition,fever|noisy,0.9878048780487805,0.9448528280995294,1500,1415,85,82,0.057950530035335686,0.05466666666666667,0.11133333333333334,42,42,0
0.4,0.6,0.6,dataset_condition,fever|stale,0.9911242603550295,0.9448528280995294,1500,1459,41,676,0.46333104866346814,0.45066666666666666,0.478,23,24,-1
0.4,0.6,0.6,dataset_condition,fever|contradictory,0.9696969696969697,0.9448528280995294,1500,1418,82,132,0.0930888575458392,0.088,0.14266666666666666,39,40,-1
0.4,0.6,0.6,dataset_condition,pubmedqa|clean,0.9580731489741302,0.9448528280995294,3000,2897,103,1085,0.37452537107352435,0.3616666666666667,0.396,26,26,0
0.4,0.6,0.6,dataset_condition,pubmedqa|missing,0.9228571428571428,0.9448528280995294,3000,2990,10,698,0.2334448160535117,0.23266666666666666,0.236,32,35,-3
0.4,0.6,0.6,dataset_condition,pubmedqa|partial,0.9683184402924452,0.9448528280995294,3000,2905,95,1231,0.42375215146299483,0.4103333333333333,0.442,25,25,0
0.4,0.6,0.6,dataset_condition,pubmedqa|noisy,0.9188948306595366,0.9448528280995294,3000,2910,90,1048,0.36013745704467354,0.34933333333333333,0.37933333333333336,27,27,0
0.4,0.6,0.6,dataset_condition,pubmedqa|stale,0.9949174078780177,0.9448528280995294,3000,2948,52,2360,0.8005427408412483,0.7866666666666666,0.804,4,4,0
0.4,0.6,0.6,dataset_condition,pubmedqa|contradictory,0.9508032128514057,0.9448528280995294,3000,2910,90,959,0.329553264604811,0.31966666666666665,0.3496666666666667,28,29,-1
0.4,0.6,0.6,dataset_condition,cuad|clean,0.6644295302013423,0.9448528280995294,1500,1425,75,99,0.06947368421052631,0.066,0.116,40,37,3
0.4,0.6,0.6,dataset_condition,cuad|missing,0.950965824665676,0.9448528280995294,1500,1449,51,1280,0.883367839889579,0.8533333333333334,0.8873333333333333,1,1,0
0.4,0.6,0.6,dataset_condition,cuad|partial,0.5133214920071048,0.9448528280995294,1500,1483,17,297,0.2002697235333783,0.198,0.20933333333333334,34,28,6
0.4,0.6,0.6,dataset_condition,cuad|noisy,0.9252577319587629,0.9448528280995294,1500,1450,50,359,0.24758620689655172,0.23933333333333334,0.27266666666666667,29,31,-2
0.4,0.6,0.6,dataset_condition,cuad|stale,0.9433962264150944,0.9448528280995294,1500,1436,64,1202,0.8370473537604457,0.8013333333333333,0.844,3,2,1
0.4,0.6,0.6,dataset_condition,cuad|contradictory,0.8415300546448088,0.9448528280995294,1500,1444,56,155,0.10734072022160665,0.10333333333333333,0.14066666666666666,36,36,0
0.4,0.6,0.6,dataset_condition,casehold|clean,0.9242590559824369,0.9448528280995294,1500,1442,58,846,0.5866851595006934,0.564,0.6026666666666667,10,11,-1
0.4,0.6,0.6,dataset_condition,casehold|missing,0.8952991452991453,0.9448528280995294,1500,1443,57,845,0.5855855855855856,0.5633333333333334,0.6013333333333334,11,10,1
0.4,0.6,0.6,dataset_condition,casehold|partial,0.929372197309417,0.9448528280995294,1500,1434,66,835,0.5822873082287309,0.5566666666666666,0.6006666666666667,12,13,-1
0.4,0.6,0.6,dataset_condition,casehold|noisy,0.9176598049837487,0.9448528280995294,1500,1478,22,848,0.5737483085250338,0.5653333333333334,0.58,14,12,2
0.4,0.6,0.6,dataset_condition,casehold|stale,0.8930762489044698,0.9448528280995294,1500,1488,12,1019,0.6848118279569892,0.6793333333333333,0.6873333333333334,7,5,2
0.4,0.6,0.6,dataset_condition,casehold|contradictory,0.8772819472616633,0.9448528280995294,1500,1465,35,865,0.590443686006826,0.5766666666666667,0.6,9,9,0
0.4,0.6,0.6,dataset_condition,finqa|clean,1.0,0.9448528280995294,1500,1482,18,1122,0.757085020242915,0.748,0.76,5,6,-1
0.4,0.6,0.6,dataset_condition,finqa|missing,0.9862258953168044,0.9448528280995294,1500,1496,4,361,0.24131016042780748,0.24066666666666667,0.24333333333333335,31,33,-2
0.4,0.6,0.6,dataset_condition,finqa|partial,0.9975550122249389,0.9448528280995294,1500,1492,8,818,0.5482573726541555,0.5453333333333333,0.5506666666666666,18,18,0
0.4,0.6,0.6,dataset_condition,finqa|noisy,0.996268656716418,0.9448528280995294,1500,1496,4,802,0.536096256684492,0.5346666666666666,0.5373333333333333,19,19,0
0.4,0.6,0.6,dataset_condition,finqa|stale,0.9976359338061466,0.9448528280995294,1500,1499,1,1266,0.8445630420280187,0.844,0.8446666666666667,2,3,-1
0.4,0.6,0.6,dataset_condition,finqa|contradictory,1.0,0.9448528280995294,1500,1484,16,1000,0.6738544474393531,0.6666666666666666,0.6773333333333333,8,8,0
0.4,0.6,0.6,dataset_condition,tatqa|clean,0.9811764705882353,0.9448528280995294,1500,1495,5,834,0.5578595317725753,0.556,0.5593333333333333,16,16,0
0.4,0.6,0.6,dataset_condition,tatqa|missing,0.965435041716329,0.9448528280995294,1500,1485,15,815,0.5488215488215489,0.5433333333333333,0.5533333333333333,17,17,0
0.4,0.6,0.6,dataset_condition,tatqa|partial,0.9674039580908033,0.9448528280995294,1500,1492,8,835,0.5596514745308311,0.5566666666666666,0.562,15,15,0
0.4,0.6,0.6,dataset_condition,tatqa|noisy,0.9585635359116023,0.9448528280995294,1500,1486,14,694,0.4670255720053836,0.46266666666666667,0.472,21,22,-1
0.4,0.6,0.6,dataset_condition,tatqa|stale,0.9830508474576272,0.9448528280995294,1500,1480,20,1104,0.745945945945946,0.736,0.7493333333333333,6,7,-1
0.4,0.6,0.6,dataset_condition,tatqa|contradictory,0.9637377963737797,0.9448528280995294,1500,1492,8,691,0.4631367292225201,0.46066666666666667,0.466,24,23,1
0.4,0.7,0.4,model,qwen25_3b,0.9640452876376989,0.958041741499969,12000,11717,283,6301,0.5377656396688573,0.5250833333333333,0.5486666666666666,1,1,0
0.4,0.7,0.4,model,qwen25_7b,0.9643781094527363,0.958041741499969,12000,11921,79,4846,0.4065095210133378,0.4038333333333333,0.41041666666666665,4,4,0
0.4,0.7,0.4,model,mistral_7b,0.9447561501942167,0.958041741499969,12000,11492,508,4379,0.3810476853463279,0.36491666666666667,0.40725,5,5,0
0.4,0.7,0.4,model,phi35_mini,0.9440634376339477,0.958041741499969,12000,11792,208,4405,0.3735583446404342,0.3670833333333333,0.3844166666666667,6,6,0
0.4,0.7,0.4,model,granite33_8b,0.9724669603524229,0.958041741499969,12000,11887,113,6181,0.5199798098763355,0.5150833333333333,0.5245,2,2,0
0.4,0.7,0.4,model,falcon3_7b,0.950955288556234,0.958041741499969,12000,11618,382,4828,0.4155620588741608,0.4023333333333333,0.43416666666666665,3,3,0
0.4,0.7,0.4,condition,clean,0.962440295267043,0.958041741499969,12000,11670,330,4433,0.3798628963153385,0.36941666666666667,0.39691666666666664,4,4,0
0.4,0.7,0.4,condition,missing,0.9619047619047619,0.958041741499969,12000,11828,172,4848,0.40987487318227933,0.404,0.41833333333333333,2,3,-1
0.4,0.7,0.4,condition,partial,0.9254742547425474,0.958041741499969,12000,11703,297,4781,0.4085277279330086,0.39841666666666664,0.4231666666666667,3,2,1
0.4,0.7,0.4,condition,noisy,0.9584549741747137,0.958041741499969,12000,11726,274,4269,0.36406276650179087,0.35575,0.3785833333333333,5,5,0
0.4,0.7,0.4,condition,stale,0.9755341144038594,0.958041741499969,12000,11800,200,8493,0.7197457627118644,0.70775,0.7244166666666667,1,1,0
0.4,0.7,0.4,condition,contradictory,0.952116585704372,0.958041741499969,12000,11700,300,4116,0.3517948717948718,0.343,0.368,6,6,0
0.4,0.7,0.4,dataset_condition,hotpotqa|clean,0.8883116883116883,0.958041741499969,1500,1491,9,342,0.22937625754527163,0.228,0.234,32,32,0
0.4,0.7,0.4,dataset_condition,hotpotqa|missing,0.9758269720101781,0.958041741499969,1500,1492,8,767,0.5140750670241286,0.5113333333333333,0.5166666666666667,20,20,0
0.4,0.7,0.4,dataset_condition,hotpotqa|partial,0.946793997271487,0.958041741499969,1500,1497,3,694,0.4635938543754175,0.46266666666666667,0.4646666666666667,23,21,2
0.4,0.7,0.4,dataset_condition,hotpotqa|noisy,0.8604651162790697,0.958041741499969,1500,1494,6,371,0.24832663989290496,0.24733333333333332,0.25133333333333335,30,30,0
0.4,0.7,0.4,dataset_condition,hotpotqa|stale,0.9819616685456595,0.958041741499969,1500,1489,11,871,0.5849563465413029,0.5806666666666667,0.588,10,14,-4
0.4,0.7,0.4,dataset_condition,hotpotqa|contradictory,0.8834355828220859,0.958041741499969,1500,1488,12,288,0.1935483870967742,0.192,0.2,35,34,1
0.4,0.7,0.4,dataset_condition,fever|clean,1.0,0.958041741499969,1500,1439,61,83,0.057678943710910355,0.05533333333333333,0.096,41,41,0
0.4,0.7,0.4,dataset_condition,fever|missing,1.0,0.958041741499969,1500,1473,27,137,0.09300746775288526,0.09133333333333334,0.10933333333333334,37,38,-1
0.4,0.7,0.4,dataset_condition,fever|partial,1.0,0.958041741499969,1500,1399,101,129,0.09220872051465333,0.086,0.15333333333333332,38,39,-1
0.4,0.7,0.4,dataset_condition,fever|noisy,1.0,0.958041741499969,1500,1415,85,81,0.05724381625441696,0.054,0.11066666666666666,42,42,0
0.4,0.7,0.4,dataset_condition,fever|stale,1.0,0.958041741499969,1500,1459,41,670,0.4592186429061001,0.44666666666666666,0.474,24,24,0
0.4,0.7,0.4,dataset_condition,fever|contradictory,1.0,0.958041741499969,1500,1418,82,128,0.09026798307475317,0.08533333333333333,0.14,39,40,-1
0.4,0.7,0.4,dataset_condition,pubmedqa|clean,1.0,0.958041741499969,3000,2894,106,1110,0.3835521769177609,0.37,0.4053333333333333,26,26,0
0.4,0.7,0.4,dataset_condition,pubmedqa|missing,1.0,0.958041741499969,3000,2990,10,648,0.21672240802675585,0.216,0.21933333333333332,33,35,-2
0.4,0.7,0.4,dataset_condition,pubmedqa|partial,1.0,0.958041741499969,3000,2905,95,1192,0.4103270223752151,0.3973333333333333,0.429,25,25,0
0.4,0.7,0.4,dataset_condition,pubmedqa|noisy,1.0,0.958041741499969,3000,2907,93,1105,0.38011695906432746,0.36833333333333335,0.3993333333333333,27,27,0
0.4,0.7,0.4,dataset_condition,pubmedqa|stale,1.0,0.958041741499969,3000,2948,52,2350,0.7971506105834464,0.7833333333333333,0.8006666666666666,4,4,0
0.4,0.7,0.4,dataset_condition,pubmedqa|contradictory,1.0,0.958041741499969,3000,2908,92,984,0.33837689133425036,0.328,0.3586666666666667,28,29,-1
0.4,0.7,0.4,dataset_condition,cuad|clean,0.6644295302013423,0.958041741499969,1500,1425,75,99,0.06947368421052631,0.066,0.116,40,37,3
0.4,0.7,0.4,dataset_condition,cuad|missing,0.950965824665676,0.958041741499969,1500,1449,51,1280,0.883367839889579,0.8533333333333334,0.8873333333333333,1,1,0
0.4,0.7,0.4,dataset_condition,cuad|partial,0.5207207207207207,0.958041741499969,1500,1483,17,289,0.19487525286581253,0.19266666666666668,0.204,34,28,6
0.4,0.7,0.4,dataset_condition,cuad|noisy,0.9304123711340206,0.958041741499969,1500,1450,50,361,0.2489655172413793,0.24066666666666667,0.274,29,31,-2
0.4,0.7,0.4,dataset_condition,cuad|stale,0.9480314960629921,0.958041741499969,1500,1436,64,1204,0.8384401114206128,0.8026666666666666,0.8453333333333334,3,2,1
0.4,0.7,0.4,dataset_condition,cuad|contradictory,0.8461538461538461,0.958041741499969,1500,1444,56,154,0.10664819944598337,0.10266666666666667,0.14,36,36,0
0.4,0.7,0.4,dataset_condition,casehold|clean,0.9283351708930541,0.958041741499969,1500,1442,58,842,0.5839112343966713,0.5613333333333334,0.6,11,11,0
0.4,0.7,0.4,dataset_condition,casehold|missing,0.9020452099031216,0.958041741499969,1500,1443,57,838,0.5807345807345807,0.5586666666666666,0.5966666666666667,12,10,2
0.4,0.7,0.4,dataset_condition,casehold|partial,0.9356659142212189,0.958041741499969,1500,1434,66,829,0.5781032078103208,0.5526666666666666,0.5966666666666667,13,13,0
0.4,0.7,0.4,dataset_condition,casehold|noisy,0.9186550976138829,0.958041741499969,1500,1478,22,847,0.5730717185385656,0.5646666666666667,0.5793333333333334,14,12,2
0.4,0.7,0.4,dataset_condition,casehold|stale,0.894829097283085,0.958041741499969,1500,1488,12,1021,0.6861559139784946,0.6806666666666666,0.6886666666666666,7,5,2
0.4,0.7,0.4,dataset_condition,casehold|contradictory,0.8772819472616633,0.958041741499969,1500,1465,35,865,0.590443686006826,0.5766666666666667,0.6,9,9,0
0.4,0.7,0.4,dataset_condition,finqa|clean,1.0,0.958041741499969,1500,1484,16,1122,0.7560646900269542,0.748,0.7586666666666667,5,6,-1
0.4,0.7,0.4,dataset_condition,finqa|missing,1.0,0.958041741499969,1500,1496,4,360,0.24064171122994651,0.24,0.24266666666666667,31,33,-2
0.4,0.7,0.4,dataset_condition,finqa|partial,1.0,0.958041741499969,1500,1492,8,816,0.546916890080429,0.544,0.5493333333333333,18,18,0
0.4,0.7,0.4,dataset_condition,finqa|noisy,1.0,0.958041741499969,1500,1496,4,803,0.5367647058823529,0.5353333333333333,0.538,19,19,0
0.4,0.7,0.4,dataset_condition,finqa|stale,1.0,0.958041741499969,1500,1499,1,1269,0.8465643762508339,0.846,0.8466666666666667,2,3,-1
0.4,0.7,0.4,dataset_condition,finqa|contradictory,1.0,0.958041741499969,1500,1484,16,1000,0.6738544474393531,0.6666666666666666,0.6773333333333333,8,8,0
0.4,0.7,0.4,dataset_condition,tatqa|clean,0.9823529411764705,0.958041741499969,1500,1495,5,835,0.5585284280936454,0.5566666666666666,0.56,15,16,-1
0.4,0.7,0.4,dataset_condition,tatqa|missing,0.9808153477218226,0.958041741499969,1500,1485,15,818,0.5508417508417508,0.5453333333333333,0.5553333333333333,17,17,0
0.4,0.7,0.4,dataset_condition,tatqa|partial,0.9730994152046784,0.958041741499969,1500,1493,7,832,0.5572672471533825,0.5546666666666666,0.5593333333333333,16,15,1
0.4,0.7,0.4,dataset_condition,tatqa|noisy,0.9682320441988951,0.958041741499969,1500,1486,14,701,0.4717362045760431,0.4673333333333333,0.4766666666666667,21,22,-1
0.4,0.7,0.4,dataset_condition,tatqa|stale,0.9901697944593387,0.958041741499969,1500,1481,19,1108,0.7481431465226198,0.7386666666666667,0.7513333333333333,6,7,-1
0.4,0.7,0.4,dataset_condition,tatqa|contradictory,0.9721059972105998,0.958041741499969,1500,1493,7,697,0.46684527796383124,0.4646666666666667,0.4693333333333333,22,23,-1
0.4,0.7,0.5,model,qwen25_3b,0.9640452876376989,0.9580714086644164,12000,11717,283,6301,0.5377656396688573,0.5250833333333333,0.5486666666666666,1,1,0
0.4,0.7,0.5,model,qwen25_7b,0.9643781094527363,0.9580714086644164,12000,11921,79,4846,0.4065095210133378,0.4038333333333333,0.41041666666666665,4,4,0
0.4,0.7,0.5,model,mistral_7b,0.9449600690697173,0.9580714086644164,12000,11492,508,4378,0.380960668290985,0.36483333333333334,0.4071666666666667,5,5,0
0.4,0.7,0.5,model,phi35_mini,0.9440634376339477,0.9580714086644164,12000,11792,208,4405,0.3735583446404342,0.3670833333333333,0.3844166666666667,6,6,0
0.4,0.7,0.5,model,granite33_8b,0.9724669603524229,0.9580714086644164,12000,11887,113,6181,0.5199798098763355,0.5150833333333333,0.5245,2,2,0
0.4,0.7,0.5,model,falcon3_7b,0.950955288556234,0.9580714086644164,12000,11618,382,4828,0.4155620588741608,0.4023333333333333,0.43416666666666665,3,3,0
0.4,0.7,0.5,condition,clean,0.962440295267043,0.9580714086644164,12000,11670,330,4433,0.3798628963153385,0.36941666666666667,0.39691666666666664,4,4,0
0.4,0.7,0.5,condition,missing,0.9619047619047619,0.9580714086644164,12000,11828,172,4848,0.40987487318227933,0.404,0.41833333333333333,2,3,-1
0.4,0.7,0.5,condition,partial,0.9254742547425474,0.9580714086644164,12000,11703,297,4781,0.4085277279330086,0.39841666666666664,0.4231666666666667,3,2,1
0.4,0.7,0.5,condition,noisy,0.958670260557053,0.9580714086644164,12000,11726,274,4268,0.36397748592870544,0.3556666666666667,0.3785,5,5,0
0.4,0.7,0.5,condition,stale,0.9755341144038594,0.9580714086644164,12000,11800,200,8493,0.7197457627118644,0.70775,0.7244166666666667,1,1,0
0.4,0.7,0.5,condition,contradictory,0.952116585704372,0.9580714086644164,12000,11700,300,4116,0.3517948717948718,0.343,0.368,6,6,0
0.4,0.7,0.5,dataset_condition,hotpotqa|clean,0.8883116883116883,0.9580714086644164,1500,1491,9,342,0.22937625754527163,0.228,0.234,32,32,0
0.4,0.7,0.5,dataset_condition,hotpotqa|missing,0.9758269720101781,0.9580714086644164,1500,1492,8,767,0.5140750670241286,0.5113333333333333,0.5166666666666667,20,20,0
0.4,0.7,0.5,dataset_condition,hotpotqa|partial,0.946793997271487,0.9580714086644164,1500,1497,3,694,0.4635938543754175,0.46266666666666667,0.4646666666666667,23,21,2
0.4,0.7,0.5,dataset_condition,hotpotqa|noisy,0.8624708624708625,0.9580714086644164,1500,1494,6,370,0.24765729585006693,0.24666666666666667,0.25066666666666665,30,30,0
0.4,0.7,0.5,dataset_condition,hotpotqa|stale,0.9819616685456595,0.9580714086644164,1500,1489,11,871,0.5849563465413029,0.5806666666666667,0.588,10,14,-4
0.4,0.7,0.5,dataset_condition,hotpotqa|contradictory,0.8834355828220859,0.9580714086644164,1500,1488,12,288,0.1935483870967742,0.192,0.2,35,34,1
0.4,0.7,0.5,dataset_condition,fever|clean,1.0,0.9580714086644164,1500,1439,61,83,0.057678943710910355,0.05533333333333333,0.096,41,41,0
0.4,0.7,0.5,dataset_condition,fever|missing,1.0,0.9580714086644164,1500,1473,27,137,0.09300746775288526,0.09133333333333334,0.10933333333333334,37,38,-1
0.4,0.7,0.5,dataset_condition,fever|partial,1.0,0.9580714086644164,1500,1399,101,129,0.09220872051465333,0.086,0.15333333333333332,38,39,-1
0.4,0.7,0.5,dataset_condition,fever|noisy,1.0,0.9580714086644164,1500,1415,85,81,0.05724381625441696,0.054,0.11066666666666666,42,42,0
0.4,0.7,0.5,dataset_condition,fever|stale,1.0,0.9580714086644164,1500,1459,41,670,0.4592186429061001,0.44666666666666666,0.474,24,24,0
0.4,0.7,0.5,dataset_condition,fever|contradictory,1.0,0.9580714086644164,1500,1418,82,128,0.09026798307475317,0.08533333333333333,0.14,39,40,-1
0.4,0.7,0.5,dataset_condition,pubmedqa|clean,1.0,0.9580714086644164,3000,2894,106,1110,0.3835521769177609,0.37,0.4053333333333333,26,26,0
0.4,0.7,0.5,dataset_condition,pubmedqa|missing,1.0,0.9580714086644164,3000,2990,10,648,0.21672240802675585,0.216,0.21933333333333332,33,35,-2
0.4,0.7,0.5,dataset_condition,pubmedqa|partial,1.0,0.9580714086644164,3000,2905,95,1192,0.4103270223752151,0.3973333333333333,0.429,25,25,0
0.4,0.7,0.5,dataset_condition,pubmedqa|noisy,1.0,0.9580714086644164,3000,2907,93,1105,0.38011695906432746,0.36833333333333335,0.3993333333333333,27,27,0
0.4,0.7,0.5,dataset_condition,pubmedqa|stale,1.0,0.9580714086644164,3000,2948,52,2350,0.7971506105834464,0.7833333333333333,0.8006666666666666,4,4,0
0.4,0.7,0.5,dataset_condition,pubmedqa|contradictory,1.0,0.9580714086644164,3000,2908,92,984,0.33837689133425036,0.328,0.3586666666666667,28,29,-1
0.4,0.7,0.5,dataset_condition,cuad|clean,0.6644295302013423,0.9580714086644164,1500,1425,75,99,0.06947368421052631,0.066,0.116,40,37,3
0.4,0.7,0.5,dataset_condition,cuad|missing,0.950965824665676,0.9580714086644164,1500,1449,51,1280,0.883367839889579,0.8533333333333334,0.8873333333333333,1,1,0
0.4,0.7,0.5,dataset_condition,cuad|partial,0.5207207207207207,0.9580714086644164,1500,1483,17,289,0.19487525286581253,0.19266666666666668,0.204,34,28,6
0.4,0.7,0.5,dataset_condition,cuad|noisy,0.9304123711340206,0.9580714086644164,1500,1450,50,361,0.2489655172413793,0.24066666666666667,0.274,29,31,-2
0.4,0.7,0.5,dataset_condition,cuad|stale,0.9480314960629921,0.9580714086644164,1500,1436,64,1204,0.8384401114206128,0.8026666666666666,0.8453333333333334,3,2,1
0.4,0.7,0.5,dataset_condition,cuad|contradictory,0.8461538461538461,0.9580714086644164,1500,1444,56,154,0.10664819944598337,0.10266666666666667,0.14,36,36,0
0.4,0.7,0.5,dataset_condition,casehold|clean,0.9283351708930541,0.9580714086644164,1500,1442,58,842,0.5839112343966713,0.5613333333333334,0.6,11,11,0
0.4,0.7,0.5,dataset_condition,casehold|missing,0.9020452099031216,0.9580714086644164,1500,1443,57,838,0.5807345807345807,0.5586666666666666,0.5966666666666667,12,10,2
0.4,0.7,0.5,dataset_condition,casehold|partial,0.9356659142212189,0.9580714086644164,1500,1434,66,829,0.5781032078103208,0.5526666666666666,0.5966666666666667,13,13,0
0.4,0.7,0.5,dataset_condition,casehold|noisy,0.9186550976138829,0.9580714086644164,1500,1478,22,847,0.5730717185385656,0.5646666666666667,0.5793333333333334,14,12,2
0.4,0.7,0.5,dataset_condition,casehold|stale,0.894829097283085,0.9580714086644164,1500,1488,12,1021,0.6861559139784946,0.6806666666666666,0.6886666666666666,7,5,2
0.4,0.7,0.5,dataset_condition,casehold|contradictory,0.8772819472616633,0.9580714086644164,1500,1465,35,865,0.590443686006826,0.5766666666666667,0.6,9,9,0
0.4,0.7,0.5,dataset_condition,finqa|clean,1.0,0.9580714086644164,1500,1484,16,1122,0.7560646900269542,0.748,0.7586666666666667,5,6,-1
0.4,0.7,0.5,dataset_condition,finqa|missing,1.0,0.9580714086644164,1500,1496,4,360,0.24064171122994651,0.24,0.24266666666666667,31,33,-2
0.4,0.7,0.5,dataset_condition,finqa|partial,1.0,0.9580714086644164,1500,1492,8,816,0.546916890080429,0.544,0.5493333333333333,18,18,0
0.4,0.7,0.5,dataset_condition,finqa|noisy,1.0,0.9580714086644164,1500,1496,4,803,0.5367647058823529,0.5353333333333333,0.538,19,19,0
0.4,0.7,0.5,dataset_condition,finqa|stale,1.0,0.9580714086644164,1500,1499,1,1269,0.8465643762508339,0.846,0.8466666666666667,2,3,-1
0.4,0.7,0.5,dataset_condition,finqa|contradictory,1.0,0.9580714086644164,1500,1484,16,1000,0.6738544474393531,0.6666666666666666,0.6773333333333333,8,8,0
0.4,0.7,0.5,dataset_condition,tatqa|clean,0.9823529411764705,0.9580714086644164,1500,1495,5,835,0.5585284280936454,0.5566666666666666,0.56,15,16,-1
0.4,0.7,0.5,dataset_condition,tatqa|missing,0.9808153477218226,0.9580714086644164,1500,1485,15,818,0.5508417508417508,0.5453333333333333,0.5553333333333333,17,17,0
0.4,0.7,0.5,dataset_condition,tatqa|partial,0.9730994152046784,0.9580714086644164,1500,1493,7,832,0.5572672471533825,0.5546666666666666,0.5593333333333333,16,15,1
0.4,0.7,0.5,dataset_condition,tatqa|noisy,0.9682320441988951,0.9580714086644164,1500,1486,14,701,0.4717362045760431,0.4673333333333333,0.4766666666666667,21,22,-1
0.4,0.7,0.5,dataset_condition,tatqa|stale,0.9901697944593387,0.9580714086644164,1500,1481,19,1108,0.7481431465226198,0.7386666666666667,0.7513333333333333,6,7,-1
0.4,0.7,0.5,dataset_condition,tatqa|contradictory,0.9721059972105998,0.9580714086644164,1500,1493,7,697,0.46684527796383124,0.4646666666666667,0.4693333333333333,22,23,-1
0.4,0.7,0.6,model,qwen25_3b,0.9635862913096696,0.9512897531972874,12000,11717,283,6298,0.5375096014338141,0.5248333333333334,0.5484166666666667,1,1,0
0.4,0.7,0.6,model,qwen25_7b,0.9611940298507463,0.9512897531972874,12000,11922,78,4830,0.4051333668847509,0.4025,0.409,4,4,0
0.4,0.7,0.6,model,mistral_7b,0.9345996114828405,0.9512897531972874,12000,11492,508,4330,0.3767838496345284,0.36083333333333334,0.4031666666666667,5,5,0
0.4,0.7,0.6,model,phi35_mini,0.9324903557651093,0.9512897531972874,12000,11792,208,4351,0.3689789687924016,0.3625833333333333,0.3799166666666667,6,6,0
0.4,0.7,0.6,model,granite33_8b,0.9693203272498426,0.9512897531972874,12000,11888,112,6161,0.5182537012113055,0.5134166666666666,0.52275,2,2,0
0.4,0.7,0.6,model,falcon3_7b,0.9355918849714399,0.9512897531972874,12000,11625,375,4750,0.40860215053763443,0.3958333333333333,0.4270833333333333,3,3,0
0.4,0.7,0.6,condition,clean,0.9533217542336083,0.9512897531972874,12000,11674,326,4391,0.3761350008566044,0.36591666666666667,0.39308333333333334,4,4,0
0.4,0.7,0.6,condition,missing,0.9589285714285715,0.9512897531972874,12000,11828,172,4833,0.408606695975651,0.40275,0.4170833333333333,2,3,-1
0.4,0.7,0.6,condition,partial,0.9252806813782424,0.9512897531972874,12000,11703,297,4780,0.40844227975732716,0.3983333333333333,0.4230833333333333,3,2,1
0.4,0.7,0.6,condition,noisy,0.9375561545372866,0.9512897531972874,12000,11729,271,4174,0.35587006564924545,0.3478333333333333,0.37041666666666667,5,5,0
0.4,0.7,0.6,condition,stale,0.9732368481507007,0.9512897531972874,12000,11800,200,8473,0.7180508474576272,0.7060833333333333,0.72275,1,1,0
0.4,0.7,0.6,condition,contradictory,0.9412445061300023,0.9512897531972874,12000,11702,298,4069,0.3477183387455136,0.33908333333333335,0.36391666666666667,6,6,0
0.4,0.7,0.6,dataset_condition,hotpotqa|clean,0.8753246753246753,0.9512897531972874,1500,1491,9,337,0.2260228034875922,0.22466666666666665,0.23066666666666666,32,32,0
0.4,0.7,0.6,dataset_condition,hotpotqa|missing,0.9720101781170484,0.9512897531972874,1500,1492,8,764,0.5120643431635389,0.5093333333333333,0.5146666666666667,20,20,0
0.4,0.7,0.6,dataset_condition,hotpotqa|partial,0.946793997271487,0.9512897531972874,1500,1497,3,694,0.4635938543754175,0.46266666666666667,0.4646666666666667,22,21,1
0.4,0.7,0.6,dataset_condition,hotpotqa|noisy,0.8414918414918415,0.9512897531972874,1500,1494,6,361,0.24163319946452477,0.24066666666666667,0.24466666666666667,30,30,0
0.4,0.7,0.6,dataset_condition,hotpotqa|stale,0.9774520856820744,0.9512897531972874,1500,1489,11,867,0.5822699798522498,0.578,0.5853333333333334,11,14,-3
0.4,0.7,0.6,dataset_condition,hotpotqa|contradictory,0.8711656441717791,0.9512897531972874,1500,1488,12,284,0.19086021505376344,0.18933333333333333,0.19733333333333333,35,34,1
0.4,0.7,0.6,dataset_condition,fever|clean,1.0,0.9512897531972874,1500,1439,61,83,0.057678943710910355,0.05533333333333333,0.096,41,41,0
0.4,0.7,0.6,dataset_condition,fever|missing,1.0,0.9512897531972874,1500,1473,27,137,0.09300746775288526,0.09133333333333334,0.10933333333333334,37,38,-1
0.4,0.7,0.6,dataset_condition,fever|partial,1.0,0.9512897531972874,1500,1399,101,129,0.09220872051465333,0.086,0.15333333333333332,38,39,-1
0.4,0.7,0.6,dataset_condition,fever|noisy,1.0,0.9512897531972874,1500,1415,85,81,0.05724381625441696,0.054,0.11066666666666666,42,42,0
0.4,0.7,0.6,dataset_condition,fever|stale,1.0,0.9512897531972874,1500,1459,41,670,0.4592186429061001,0.44666666666666666,0.474,24,24,0
0.4,0.7,0.6,dataset_condition,fever|contradictory,1.0,0.9512897531972874,1500,1418,82,128,0.09026798307475317,0.08533333333333333,0.14,39,40,-1
0.4,0.7,0.6,dataset_condition,pubmedqa|clean,0.9675675675675676,0.9512897531972874,3000,2898,102,1074,0.37060041407867494,0.358,0.392,26,26,0
0.4,0.7,0.6,dataset_condition,pubmedqa|missing,0.9969135802469136,0.9512897531972874,3000,2990,10,646,0.21605351170568562,0.21533333333333332,0.21866666666666668,33,35,-2
0.4,0.7,0.6,dataset_condition,pubmedqa|partial,1.0,0.9512897531972874,3000,2905,95,1192,0.4103270223752151,0.3973333333333333,0.429,25,25,0
0.4,0.7,0.6,dataset_condition,pubmedqa|noisy,0.9330316742081448,0.9512897531972874,3000,2910,90,1031,0.35429553264604813,0.3436666666666667,0.37366666666666665,27,27,0
0.4,0.7,0.6,dataset_condition,pubmedqa|stale,0.9995744680851064,0.9512897531972874,3000,2948,52,2349,0.7968113975576662,0.783,0.8003333333333333,4,4,0
0.4,0.7,0.6,dataset_condition,pubmedqa|contradictory,0.9623983739837398,0.9512897531972874,3000,2910,90,947,0.3254295532646048,0.31566666666666665,0.3456666666666667,28,29,-1
0.4,0.7,0.6,dataset_condition,cuad|clean,0.6644295302013423,0.9512897531972874,1500,1425,75,99,0.06947368421052631,0.066,0.116,40,37,3
0.4,0.7,0.6,dataset_condition,cuad|missing,0.950965824665676,0.9512897531972874,1500,1449,51,1280,0.883367839889579,0.8533333333333334,0.8873333333333333,1,1,0
0.4,0.7,0.6,dataset_condition,cuad|partial,0.5207207207207207,0.9512897531972874,1500,1483,17,289,0.19487525286581253,0.19266666666666668,0.204,34,28,6
0.4,0.7,0.6,dataset_condition,cuad|noisy,0.9252577319587629,0.9512897531972874,1500,1450,50,359,0.24758620689655172,0.23933333333333334,0.27266666666666667,29,31,-2
0.4,0.7,0.6,dataset_condition,cuad|stale,0.9448818897637795,0.9512897531972874,1500,1436,64,1200,0.8356545961002786,0.8,0.8426666666666667,3,2,1
0.4,0.7,0.6,dataset_condition,cuad|contradictory,0.8461538461538461,0.9512897531972874,1500,1444,56,154,0.10664819944598337,0.10266666666666667,0.14,36,36,0
0.4,0.7,0.6,dataset_condition,casehold|clean,0.9283351708930541,0.9512897531972874,1500,1442,58,842,0.5839112343966713,0.5613333333333334,0.6,10,11,-1
0.4,0.7,0.6,dataset_condition,casehold|missing,0.9020452099031216,0.9512897531972874,1500,1443,57,838,0.5807345807345807,0.5586666666666666,0.5966666666666667,12,10,2
0.4,0.7,0.6,dataset_condition,casehold|partial,0.9356659142212189,0.9512897531972874,1500,1434,66,829,0.5781032078103208,0.5526666666666666,0.5966666666666667,13,13,0
0.4,0.7,0.6,dataset_condition,casehold|noisy,0.9186550976138829,0.9512897531972874,1500,1478,22,847,0.5730717185385656,0.5646666666666667,0.5793333333333334,14,12,2
0.4,0.7,0.6,dataset_condition,casehold|stale,0.8930762489044698,0.9512897531972874,1500,1488,12,1019,0.6848118279569892,0.6793333333333333,0.6873333333333334,7,5,2
0.4,0.7,0.6,dataset_condition,casehold|contradictory,0.8772819472616633,0.9512897531972874,1500,1465,35,865,0.590443686006826,0.5766666666666667,0.6,9,9,0
0.4,0.7,0.6,dataset_condition,finqa|clean,1.0,0.9512897531972874,1500,1484,16,1122,0.7560646900269542,0.748,0.7586666666666667,5,6,-1
0.4,0.7,0.6,dataset_condition,finqa|missing,0.9944444444444445,0.9512897531972874,1500,1496,4,358,0.2393048128342246,0.23866666666666667,0.24133333333333334,31,33,-2
0.4,0.7,0.6,dataset_condition,finqa|partial,1.0,0.9512897531972874,1500,1492,8,816,0.546916890080429,0.544,0.5493333333333333,17,18,-1
0.4,0.7,0.6,dataset_condition,finqa|noisy,0.9975093399750934,0.9512897531972874,1500,1496,4,801,0.535427807486631,0.534,0.5366666666666666,19,19,0
0.4,0.7,0.6,dataset_condition,finqa|stale,0.9976359338061466,0.9512897531972874,1500,1499,1,1266,0.8445630420280187,0.844,0.8446666666666667,2,3,-1
0.4,0.7,0.6,dataset_condition,finqa|contradictory,1.0,0.9512897531972874,1500,1484,16,1000,0.6738544474393531,0.6666666666666666,0.6773333333333333,8,8,0
0.4,0.7,0.6,dataset_condition,tatqa|clean,0.9811764705882353,0.9512897531972874,1500,1495,5,834,0.5578595317725753,0.556,0.5593333333333333,15,16,-1
0.4,0.7,0.6,dataset_condition,tatqa|missing,0.9712230215827338,0.9512897531972874,1500,1485,15,810,0.5454545454545454,0.54,0.55,18,17,1
0.4,0.7,0.6,dataset_condition,tatqa|partial,0.9719298245614035,0.9512897531972874,1500,1493,7,831,0.5565974547890155,0.554,0.5586666666666666,16,15,1
0.4,0.7,0.6,dataset_condition,tatqa|noisy,0.9585635359116023,0.9512897531972874,1500,1486,14,694,0.4670255720053836,0.46266666666666667,0.472,21,22,-1
0.4,0.7,0.6,dataset_condition,tatqa|stale,0.9848078641644326,0.9512897531972874,1500,1481,19,1102,0.7440918298446996,0.7346666666666667,0.7473333333333333,6,7,-1
0.4,0.7,0.6,dataset_condition,tatqa|contradictory,0.9637377963737797,0.9512897531972874,1500,1493,7,691,0.46282652377762895,0.46066666666666667,0.4653333333333333,23,23,0
0.4,0.8,0.4,model,qwen25_3b,0.9622093023255814,0.9354059577630519,12000,11718,282,6289,0.5366956818569721,0.5240833333333333,0.5475833333333333,1,1,0
0.4,0.8,0.4,model,qwen25_7b,0.9514427860696517,0.9354059577630519,12000,11926,74,4781,0.40088881435519036,0.39841666666666664,0.40458333333333335,3,4,-1
0.4,0.8,0.4,model,mistral_7b,0.9272766508416055,0.9354059577630519,12000,11493,507,4298,0.3739667623770991,0.3581666666666667,0.40041666666666664,5,5,0
0.4,0.8,0.4,model,phi35_mini,0.9258465495070725,0.9354059577630519,12000,11792,208,4320,0.36635006784260515,0.36,0.37733333333333335,6,6,0
0.4,0.8,0.4,model,granite33_8b,0.9592511013215859,0.9354059577630519,12000,11889,111,6097,0.5128269829253932,0.5080833333333333,0.5173333333333333,2,2,0
0.4,0.8,0.4,model,falcon3_7b,0.8713807366555052,0.9354059577630519,12000,11628,372,4424,0.3804609563123495,0.36866666666666664,0.39966666666666667,4,3,1
0.4,0.8,0.4,condition,clean,0.9478940512375162,0.9354059577630519,12000,11671,329,4366,0.3740896238539971,0.36383333333333334,0.39125,4,4,0
0.4,0.8,0.4,condition,missing,0.9275793650793651,0.9354059577630519,12000,11828,172,4675,0.39524856273249914,0.38958333333333334,0.40391666666666665,2,3,-1
0.4,0.8,0.4,condition,partial,0.8834688346883469,0.9354059577630519,12000,11713,287,4564,0.38965252283787244,0.38033333333333336,0.40425,3,2,1
0.4,0.8,0.4,condition,noisy,0.9384684482371435,0.9354059577630519,12000,11729,271,4180,0.35638161821127123,0.34833333333333333,0.3709166666666667,5,5,0
0.4,0.8,0.4,condition,stale,0.9662301860785665,0.9354059577630519,12000,11802,198,8412,0.7127605490594815,0.701,0.7175,1,1,0
0.4,0.8,0.4,condition,contradictory,0.928059218135554,0.9354059577630519,12000,11703,297,4012,0.3428180808339742,0.3343333333333333,0.3590833333333333,6,6,0
0.4,0.8,0.4,dataset_condition,hotpotqa|clean,0.8857142857142857,0.9354059577630519,1500,1491,9,341,0.22870556673373574,0.22733333333333333,0.23333333333333334,32,32,0
0.4,0.8,0.4,dataset_condition,hotpotqa|missing,0.9631043256997456,0.9354059577630519,1500,1492,8,757,0.5073726541554959,0.5046666666666667,0.51,20,20,0
0.4,0.8,0.4,dataset_condition,hotpotqa|partial,0.9249658935879945,0.9354059577630519,1500,1497,3,678,0.4529058116232465,0.452,0.454,23,21,2
0.4,0.8,0.4,dataset_condition,hotpotqa|noisy,0.8604651162790697,0.9354059577630519,1500,1494,6,371,0.24832663989290496,0.24733333333333332,0.25133333333333335,29,30,-1
0.4,0.8,0.4,dataset_condition,hotpotqa|stale,0.9808342728297632,0.9354059577630519,1500,1489,11,870,0.5842847548690396,0.58,0.5873333333333334,10,14,-4
0.4,0.8,0.4,dataset_condition,hotpotqa|contradictory,0.8773006134969326,0.9354059577630519,1500,1488,12,286,0.1922043010752688,0.19066666666666668,0.19866666666666666,34,34,0
0.4,0.8,0.4,dataset_condition,fever|clean,0.9879518072289156,0.9354059577630519,1500,1439,61,82,0.05698401667824878,0.05466666666666667,0.09533333333333334,42,41,1
0.4,0.8,0.4,dataset_condition,fever|missing,1.0,0.9354059577630519,1500,1473,27,137,0.09300746775288526,0.09133333333333334,0.10933333333333334,37,38,-1
0.4,0.8,0.4,dataset_condition,fever|partial,0.9922480620155039,0.9354059577630519,1500,1404,96,128,0.09116809116809117,0.08533333333333333,0.14933333333333335,38,39,-1
0.4,0.8,0.4,dataset_condition,fever|noisy,1.0,0.9354059577630519,1500,1415,85,81,0.05724381625441696,0.054,0.11066666666666666,41,42,-1
0.4,0.8,0.4,dataset_condition,fever|stale,0.9865671641791045,0.9354059577630519,1500,1461,39,661,0.45242984257357977,0.44066666666666665,0.4666666666666667,24,24,0
0.4,0.8,0.4,dataset_condition,fever|contradictory,0.984375,0.9354059577630519,1500,1419,81,126,0.08879492600422834,0.084,0.138,39,40,-1
0.4,0.8,0.4,dataset_condition,pubmedqa|clean,0.9513513513513514,0.9354059577630519,3000,2895,105,1056,0.36476683937823834,0.352,0.387,25,26,-1
0.4,0.8,0.4,dataset_condition,pubmedqa|missing,0.8533950617283951,0.9354059577630519,3000,2990,10,553,0.18494983277591973,0.18433333333333332,0.18766666666666668,35,35,0
0.4,0.8,0.4,dataset_condition,pubmedqa|partial,0.8699664429530202,0.9354059577630519,3000,2910,90,1037,0.3563573883161512,0.3456666666666667,0.37566666666666665,26,25,1
0.4,0.8,0.4,dataset_condition,pubmedqa|noisy,0.9339366515837104,0.9354059577630519,3000,2910,90,1032,0.354639175257732,0.344,0.374,27,27,0
0.4,0.8,0.4,dataset_condition,pubmedqa|stale,0.9782978723404255,0.9354059577630519,3000,2948,52,2299,0.7798507462686567,0.7663333333333333,0.7836666666666666,4,4,0
0.4,0.8,0.4,dataset_condition,pubmedqa|contradictory,0.9115853658536586,0.9354059577630519,3000,2910,90,897,0.3082474226804124,0.299,0.329,28,29,-1
0.4,0.8,0.4,dataset_condition,cuad|clean,0.6577181208053692,0.9354059577630519,1500,1425,75,98,0.0687719298245614,0.06533333333333333,0.11533333333333333,40,37,3
0.4,0.8,0.4,dataset_condition,cuad|missing,0.950965824665676,0.9354059577630519,1500,1449,51,1280,0.883367839889579,0.8533333333333334,0.8873333333333333,1,1,0
0.4,0.8,0.4,dataset_condition,cuad|partial,0.5171171171171172,0.9354059577630519,1500,1483,17,287,0.1935266351989211,0.19133333333333333,0.20266666666666666,33,28,5
0.4,0.8,0.4,dataset_condition,cuad|noisy,0.9278350515463918,0.9354059577630519,1500,1450,50,360,0.2482758620689655,0.24,0.2733333333333333,30,31,-1
0.4,0.8,0.4,dataset_condition,cuad|stale,0.9464566929133859,0.9354059577630519,1500,1436,64,1202,0.8370473537604457,0.8013333333333333,0.844,3,2,1
0.4,0.8,0.4,dataset_condition,cuad|contradictory,0.8461538461538461,0.9354059577630519,1500,1444,56,154,0.10664819944598337,0.10266666666666667,0.14,36,36,0
0.4,0.8,0.4,dataset_condition,casehold|clean,0.9173098125689085,0.9354059577630519,1500,1442,58,832,0.5769764216366158,0.5546666666666666,0.5933333333333334,11,11,0
0.4,0.8,0.4,dataset_condition,casehold|missing,0.8460710441334769,0.9354059577630519,1500,1443,57,786,0.5446985446985447,0.524,0.562,17,10,7
0.4,0.8,0.4,dataset_condition,casehold|partial,0.9006772009029346,0.9354059577630519,1500,1434,66,798,0.5564853556485355,0.532,0.576,14,13,1
0.4,0.8,0.4,dataset_condition,casehold|noisy,0.9056399132321041,0.9354059577630519,1500,1478,22,835,0.5649526387009473,0.5566666666666666,0.5713333333333334,12,12,0
0.4,0.8,0.4,dataset_condition,casehold|stale,0.8930762489044698,0.9354059577630519,1500,1488,12,1019,0.6848118279569892,0.6793333333333333,0.6873333333333334,7,5,2
0.4,0.8,0.4,dataset_condition,casehold|contradictory,0.8711967545638946,0.9354059577630519,1500,1465,35,859,0.5863481228668942,0.5726666666666667,0.596,9,9,0
0.4,0.8,0.4,dataset_condition,finqa|clean,1.0,0.9354059577630519,1500,1484,16,1122,0.7560646900269542,0.748,0.7586666666666667,5,6,-1
0.4,0.8,0.4,dataset_condition,finqa|missing,0.9916666666666667,0.9354059577630519,1500,1496,4,357,0.23863636363636365,0.238,0.24066666666666667,31,33,-2
0.4,0.8,0.4,dataset_condition,finqa|partial,0.9975490196078431,0.9354059577630519,1500,1492,8,814,0.5455764075067024,0.5426666666666666,0.548,16,18,-2
0.4,0.8,0.4,dataset_condition,finqa|noisy,0.9975093399750934,0.9354059577630519,1500,1496,4,801,0.535427807486631,0.534,0.5366666666666666,19,19,0
0.4,0.8,0.4,dataset_condition,finqa|stale,0.9984239558707644,0.9354059577630519,1500,1499,1,1267,0.8452301534356238,0.8446666666666667,0.8453333333333334,2,3,-1
0.4,0.8,0.4,dataset_condition,finqa|contradictory,0.995,0.9354059577630519,1500,1484,16,995,0.6704851752021563,0.6633333333333333,0.674,8,8,0
0.4,0.8,0.4,dataset_condition,tatqa|clean,0.9823529411764705,0.9354059577630519,1500,1495,5,835,0.5585284280936454,0.5566666666666666,0.56,13,16,-3
0.4,0.8,0.4,dataset_condition,tatqa|missing,0.9652278177458034,0.9354059577630519,1500,1485,15,805,0.5420875420875421,0.5366666666666666,0.5466666666666666,18,17,1
0.4,0.8,0.4,dataset_condition,tatqa|partial,0.9614035087719298,0.9354059577630519,1500,1493,7,822,0.550569323509712,0.548,0.5526666666666666,15,15,0
0.4,0.8,0.4,dataset_condition,tatqa|noisy,0.9668508287292817,0.9354059577630519,1500,1486,14,700,0.47106325706594887,0.4666666666666667,0.476,21,22,-1
0.4,0.8,0.4,dataset_condition,tatqa|stale,0.9776586237712243,0.9354059577630519,1500,1481,19,1094,0.7386900742741391,0.7293333333333333,0.742,6,7,-1
0.4,0.8,0.4,dataset_condition,tatqa|contradictory,0.9693165969316597,0.9354059577630519,1500,1493,7,695,0.4655056932350971,0.4633333333333333,0.468,22,23,-1
0.4,0.8,0.5,model,qwen25_3b,0.9622093023255814,0.9354349239773325,12000,11718,282,6289,0.5366956818569721,0.5240833333333333,0.5475833333333333,1,1,0
0.4,0.8,0.5,model,qwen25_7b,0.9514427860696517,0.9354349239773325,12000,11926,74,4781,0.40088881435519036,0.39841666666666664,0.40458333333333335,3,4,-1
0.4,0.8,0.5,model,mistral_7b,0.9274767968918627,0.9354349239773325,12000,11493,507,4297,0.37387975289306535,0.3580833333333333,0.4003333333333333,5,5,0
0.4,0.8,0.5,model,phi35_mini,0.9258465495070725,0.9354349239773325,12000,11792,208,4320,0.36635006784260515,0.36,0.37733333333333335,6,6,0
0.4,0.8,0.5,model,granite33_8b,0.9592511013215859,0.9354349239773325,12000,11889,111,6097,0.5128269829253932,0.5080833333333333,0.5173333333333333,2,2,0
0.4,0.8,0.5,model,falcon3_7b,0.8713807366555052,0.9354349239773325,12000,11628,372,4424,0.3804609563123495,0.36866666666666664,0.39966666666666667,4,3,1
0.4,0.8,0.5,condition,clean,0.9478940512375162,0.9354349239773325,12000,11671,329,4366,0.3740896238539971,0.36383333333333334,0.39125,4,4,0
0.4,0.8,0.5,condition,missing,0.9275793650793651,0.9354349239773325,12000,11828,172,4675,0.39524856273249914,0.38958333333333334,0.40391666666666665,2,3,-1
0.4,0.8,0.5,condition,partial,0.8834688346883469,0.9354349239773325,12000,11713,287,4564,0.38965252283787244,0.38033333333333336,0.40425,3,2,1
0.4,0.8,0.5,condition,noisy,0.9386792452830188,0.9354349239773325,12000,11729,271,4179,0.3562963594509336,0.34825,0.37083333333333335,5,5,0
0.4,0.8,0.5,condition,stale,0.9662301860785665,0.9354349239773325,12000,11802,198,8412,0.7127605490594815,0.701,0.7175,1,1,0
0.4,0.8,0.5,condition,contradictory,0.928059218135554,0.9354349239773325,12000,11703,297,4012,0.3428180808339742,0.3343333333333333,0.3590833333333333,6,6,0
0.4,0.8,0.5,dataset_condition,hotpotqa|clean,0.8857142857142857,0.9354349239773325,1500,1491,9,341,0.22870556673373574,0.22733333333333333,0.23333333333333334,32,32,0
0.4,0.8,0.5,dataset_condition,hotpotqa|missing,0.9631043256997456,0.9354349239773325,1500,1492,8,757,0.5073726541554959,0.5046666666666667,0.51,20,20,0
0.4,0.8,0.5,dataset_condition,hotpotqa|partial,0.9249658935879945,0.9354349239773325,1500,1497,3,678,0.4529058116232465,0.452,0.454,23,21,2
0.4,0.8,0.5,dataset_condition,hotpotqa|noisy,0.8624708624708625,0.9354349239773325,1500,1494,6,370,0.24765729585006693,0.24666666666666667,0.25066666666666665,30,30,0
0.4,0.8,0.5,dataset_condition,hotpotqa|stale,0.9808342728297632,0.9354349239773325,1500,1489,11,870,0.5842847548690396,0.58,0.5873333333333334,10,14,-4
0.4,0.8,0.5,dataset_condition,hotpotqa|contradictory,0.8773006134969326,0.9354349239773325,1500,1488,12,286,0.1922043010752688,0.19066666666666668,0.19866666666666666,34,34,0
0.4,0.8,0.5,dataset_condition,fever|clean,0.9879518072289156,0.9354349239773325,1500,1439,61,82,0.05698401667824878,0.05466666666666667,0.09533333333333334,42,41,1
0.4,0.8,0.5,dataset_condition,fever|missing,1.0,0.9354349239773325,1500,1473,27,137,0.09300746775288526,0.09133333333333334,0.10933333333333334,37,38,-1
0.4,0.8,0.5,dataset_condition,fever|partial,0.9922480620155039,0.9354349239773325,1500,1404,96,128,0.09116809116809117,0.08533333333333333,0.14933333333333335,38,39,-1
0.4,0.8,0.5,dataset_condition,fever|noisy,1.0,0.9354349239773325,1500,1415,85,81,0.05724381625441696,0.054,0.11066666666666666,41,42,-1
0.4,0.8,0.5,dataset_condition,fever|stale,0.9865671641791045,0.9354349239773325,1500,1461,39,661,0.45242984257357977,0.44066666666666665,0.4666666666666667,24,24,0
0.4,0.8,0.5,dataset_condition,fever|contradictory,0.984375,0.9354349239773325,1500,1419,81,126,0.08879492600422834,0.084,0.138,39,40,-1
0.4,0.8,0.5,dataset_condition,pubmedqa|clean,0.9513513513513514,0.9354349239773325,3000,2895,105,1056,0.36476683937823834,0.352,0.387,25,26,-1
0.4,0.8,0.5,dataset_condition,pubmedqa|missing,0.8533950617283951,0.9354349239773325,3000,2990,10,553,0.18494983277591973,0.18433333333333332,0.18766666666666668,35,35,0
0.4,0.8,0.5,dataset_condition,pubmedqa|partial,0.8699664429530202,0.9354349239773325,3000,2910,90,1037,0.3563573883161512,0.3456666666666667,0.37566666666666665,26,25,1
0.4,0.8,0.5,dataset_condition,pubmedqa|noisy,0.9339366515837104,0.9354349239773325,3000,2910,90,1032,0.354639175257732,0.344,0.374,27,27,0
0.4,0.8,0.5,dataset_condition,pubmedqa|stale,0.9782978723404255,0.9354349239773325,3000,2948,52,2299,0.7798507462686567,0.7663333333333333,0.7836666666666666,4,4,0
0.4,0.8,0.5,dataset_condition,pubmedqa|contradictory,0.9115853658536586,0.9354349239773325,3000,2910,90,897,0.3082474226804124,0.299,0.329,28,29,-1
0.4,0.8,0.5,dataset_condition,cuad|clean,0.6577181208053692,0.9354349239773325,1500,1425,75,98,0.0687719298245614,0.06533333333333333,0.11533333333333333,40,37,3
0.4,0.8,0.5,dataset_condition,cuad|missing,0.950965824665676,0.9354349239773325,1500,1449,51,1280,0.883367839889579,0.8533333333333334,0.8873333333333333,1,1,0
0.4,0.8,0.5,dataset_condition,cuad|partial,0.5171171171171172,0.9354349239773325,1500,1483,17,287,0.1935266351989211,0.19133333333333333,0.20266666666666666,33,28,5
0.4,0.8,0.5,dataset_condition,cuad|noisy,0.9278350515463918,0.9354349239773325,1500,1450,50,360,0.2482758620689655,0.24,0.2733333333333333,29,31,-2
0.4,0.8,0.5,dataset_condition,cuad|stale,0.9464566929133859,0.9354349239773325,1500,1436,64,1202,0.8370473537604457,0.8013333333333333,0.844,3,2,1
0.4,0.8,0.5,dataset_condition,cuad|contradictory,0.8461538461538461,0.9354349239773325,1500,1444,56,154,0.10664819944598337,0.10266666666666667,0.14,36,36,0
0.4,0.8,0.5,dataset_condition,casehold|clean,0.9173098125689085,0.9354349239773325,1500,1442,58,832,0.5769764216366158,0.5546666666666666,0.5933333333333334,11,11,0
0.4,0.8,0.5,dataset_condition,casehold|missing,0.8460710441334769,0.9354349239773325,1500,1443,57,786,0.5446985446985447,0.524,0.562,17,10,7
0.4,0.8,0.5,dataset_condition,casehold|partial,0.9006772009029346,0.9354349239773325,1500,1434,66,798,0.5564853556485355,0.532,0.576,14,13,1
0.4,0.8,0.5,dataset_condition,casehold|noisy,0.9056399132321041,0.9354349239773325,1500,1478,22,835,0.5649526387009473,0.5566666666666666,0.5713333333333334,12,12,0
0.4,0.8,0.5,dataset_condition,casehold|stale,0.8930762489044698,0.9354349239773325,1500,1488,12,1019,0.6848118279569892,0.6793333333333333,0.6873333333333334,7,5,2
0.4,0.8,0.5,dataset_condition,casehold|contradictory,0.8711967545638946,0.9354349239773325,1500,1465,35,859,0.5863481228668942,0.5726666666666667,0.596,9,9,0
0.4,0.8,0.5,dataset_condition,finqa|clean,1.0,0.9354349239773325,1500,1484,16,1122,0.7560646900269542,0.748,0.7586666666666667,5,6,-1
0.4,0.8,0.5,dataset_condition,finqa|missing,0.9916666666666667,0.9354349239773325,1500,1496,4,357,0.23863636363636365,0.238,0.24066666666666667,31,33,-2
0.4,0.8,0.5,dataset_condition,finqa|partial,0.9975490196078431,0.9354349239773325,1500,1492,8,814,0.5455764075067024,0.5426666666666666,0.548,16,18,-2
0.4,0.8,0.5,dataset_condition,finqa|noisy,0.9975093399750934,0.9354349239773325,1500,1496,4,801,0.535427807486631,0.534,0.5366666666666666,19,19,0
0.4,0.8,0.5,dataset_condition,finqa|stale,0.9984239558707644,0.9354349239773325,1500,1499,1,1267,0.8452301534356238,0.8446666666666667,0.8453333333333334,2,3,-1
0.4,0.8,0.5,dataset_condition,finqa|contradictory,0.995,0.9354349239773325,1500,1484,16,995,0.6704851752021563,0.6633333333333333,0.674,8,8,0
0.4,0.8,0.5,dataset_condition,tatqa|clean,0.9823529411764705,0.9354349239773325,1500,1495,5,835,0.5585284280936454,0.5566666666666666,0.56,13,16,-3
0.4,0.8,0.5,dataset_condition,tatqa|missing,0.9652278177458034,0.9354349239773325,1500,1485,15,805,0.5420875420875421,0.5366666666666666,0.5466666666666666,18,17,1
0.4,0.8,0.5,dataset_condition,tatqa|partial,0.9614035087719298,0.9354349239773325,1500,1493,7,822,0.550569323509712,0.548,0.5526666666666666,15,15,0
0.4,0.8,0.5,dataset_condition,tatqa|noisy,0.9668508287292817,0.9354349239773325,1500,1486,14,700,0.47106325706594887,0.4666666666666667,0.476,21,22,-1
0.4,0.8,0.5,dataset_condition,tatqa|stale,0.9776586237712243,0.9354349239773325,1500,1481,19,1094,0.7386900742741391,0.7293333333333333,0.742,6,7,-1
0.4,0.8,0.5,dataset_condition,tatqa|contradictory,0.9693165969316597,0.9354349239773325,1500,1493,7,695,0.4655056932350971,0.4633333333333333,0.468,22,23,-1
0.4,0.8,0.6,model,qwen25_3b,0.9617503059975521,0.9291177654600068,12000,11718,282,6286,0.5364396654719236,0.5238333333333334,0.5473333333333333,1,1,0
0.4,0.8,0.6,model,qwen25_7b,0.9482587064676616,0.9291177654600068,12000,11927,73,4765,0.3995137083927224,0.39708333333333334,0.4031666666666667,3,4,-1
0.4,0.8,0.6,model,mistral_7b,0.9173321821713792,0.9291177654600068,12000,11493,507,4250,0.36979030714347866,0.3541666666666667,0.39641666666666664,5,5,0
0.4,0.8,0.6,model,phi35_mini,0.9147021003000428,0.9291177654600068,12000,11792,208,4268,0.3619402985074627,0.3556666666666667,0.373,6,6,0
0.4,0.8,0.6,model,granite33_8b,0.9562617998741346,0.9291177654600068,12000,11890,110,6078,0.5111858704793945,0.5065,0.5156666666666667,2,2,0
0.4,0.8,0.6,model,falcon3_7b,0.8581839669095923,0.9291177654600068,12000,11635,365,4357,0.37447357112161583,0.3630833333333333,0.3935,4,3,1
0.4,0.8,0.6,condition,clean,0.9389926183239253,0.9291177654600068,12000,11675,325,4325,0.37044967880085655,0.36041666666666666,0.3875,4,4,0
0.4,0.8,0.6,condition,missing,0.9248015873015873,0.9291177654600068,12000,11828,172,4661,0.3940649306729794,0.3884166666666667,0.40275,2,3,-1
0.4,0.8,0.6,condition,partial,0.8832752613240418,0.9291177654600068,12000,11713,287,4563,0.3895671476137625,0.38025,0.4041666666666667,3,2,1
0.4,0.8,0.6,condition,noisy,0.9193620844564241,0.9291177654600068,12000,11732,268,4093,0.34887487214456187,0.34108333333333335,0.36341666666666667,5,5,0
0.4,0.8,0.6,condition,stale,0.9640477831380657,0.9291177654600068,12000,11802,198,8393,0.7111506524317912,0.6994166666666667,0.7159166666666666,1,1,0
0.4,0.8,0.6,condition,contradictory,0.9181124219292158,0.9291177654600068,12000,11705,295,3969,0.3390858607432721,0.33075,0.35533333333333333,6,6,0
0.4,0.8,0.6,dataset_condition,hotpotqa|clean,0.8727272727272727,0.9291177654600068,1500,1491,9,336,0.22535211267605634,0.224,0.23,32,32,0
0.4,0.8,0.6,dataset_condition,hotpotqa|missing,0.9592875318066157,0.9291177654600068,1500,1492,8,754,0.5053619302949062,0.5026666666666667,0.508,20,20,0
0.4,0.8,0.6,dataset_condition,hotpotqa|partial,0.9249658935879945,0.9291177654600068,1500,1497,3,678,0.4529058116232465,0.452,0.454,23,21,2
0.4,0.8,0.6,dataset_condition,hotpotqa|noisy,0.8414918414918415,0.9291177654600068,1500,1494,6,361,0.24163319946452477,0.24066666666666667,0.24466666666666667,30,30,0
0.4,0.8,0.6,dataset_condition,hotpotqa|stale,0.9763246899661782,0.9291177654600068,1500,1489,11,866,0.5815983881799865,0.5773333333333334,0.5846666666666667,10,14,-4
0.4,0.8,0.6,dataset_condition,hotpotqa|contradictory,0.8650306748466258,0.9291177654600068,1500,1488,12,282,0.18951612903225806,0.188,0.196,34,34,0
0.4,0.8,0.6,dataset_condition,fever|clean,0.9879518072289156,0.9291177654600068,1500,1439,61,82,0.05698401667824878,0.05466666666666667,0.09533333333333334,42,41,1
0.4,0.8,0.6,dataset_condition,fever|missing,1.0,0.9291177654600068,1500,1473,27,137,0.09300746775288526,0.09133333333333334,0.10933333333333334,37,38,-1
0.4,0.8,0.6,dataset_condition,fever|partial,0.9922480620155039,0.9291177654600068,1500,1404,96,128,0.09116809116809117,0.08533333333333333,0.14933333333333335,38,39,-1
0.4,0.8,0.6,dataset_condition,fever|noisy,1.0,0.9291177654600068,1500,1415,85,81,0.05724381625441696,0.054,0.11066666666666666,41,42,-1
0.4,0.8,0.6,dataset_condition,fever|stale,0.9865671641791045,0.9291177654600068,1500,1461,39,661,0.45242984257357977,0.44066666666666665,0.4666666666666667,24,24,0
0.4,0.8,0.6,dataset_condition,fever|contradictory,0.984375,0.9291177654600068,1500,1419,81,126,0.08879492600422834,0.084,0.138,39,40,-1
0.4,0.8,0.6,dataset_condition,pubmedqa|clean,0.9198198198198199,0.9291177654600068,3000,2899,101,1021,0.3521904104863746,0.3403333333333333,0.374,26,26,0
0.4,0.8,0.6,dataset_condition,pubmedqa|missing,0.8503086419753086,0.9291177654600068,3000,2990,10,551,0.1842809364548495,0.18366666666666667,0.187,35,35,0
0.4,0.8,0.6,dataset_condition,pubmedqa|partial,0.8699664429530202,0.9291177654600068,3000,2910,90,1037,0.3563573883161512,0.3456666666666667,0.37566666666666665,25,25,0
0.4,0.8,0.6,dataset_condition,pubmedqa|noisy,0.8742081447963801,0.9291177654600068,3000,2913,87,966,0.33161688980432547,0.322,0.351,27,27,0
0.4,0.8,0.6,dataset_condition,pubmedqa|stale,0.9782978723404255,0.9291177654600068,3000,2948,52,2299,0.7798507462686567,0.7663333333333333,0.7836666666666666,4,4,0
0.4,0.8,0.6,dataset_condition,pubmedqa|contradictory,0.8780487804878049,0.9291177654600068,3000,2912,88,864,0.2967032967032967,0.288,0.31733333333333336,28,29,-1
0.4,0.8,0.6,dataset_condition,cuad|clean,0.6577181208053692,0.9291177654600068,1500,1425,75,98,0.0687719298245614,0.06533333333333333,0.11533333333333333,40,37,3
0.4,0.8,0.6,dataset_condition,cuad|missing,0.950965824665676,0.9291177654600068,1500,1449,51,1280,0.883367839889579,0.8533333333333334,0.8873333333333333,1,1,0
0.4,0.8,0.6,dataset_condition,cuad|partial,0.5171171171171172,0.9291177654600068,1500,1483,17,287,0.1935266351989211,0.19133333333333333,0.20266666666666666,33,28,5
0.4,0.8,0.6,dataset_condition,cuad|noisy,0.9226804123711341,0.9291177654600068,1500,1450,50,358,0.24689655172413794,0.23866666666666667,0.272,29,31,-2
0.4,0.8,0.6,dataset_condition,cuad|stale,0.9433070866141732,0.9291177654600068,1500,1436,64,1198,0.8342618384401114,0.7986666666666666,0.8413333333333334,3,2,1
0.4,0.8,0.6,dataset_condition,cuad|contradictory,0.8461538461538461,0.9291177654600068,1500,1444,56,154,0.10664819944598337,0.10266666666666667,0.14,36,36,0
0.4,0.8,0.6,dataset_condition,casehold|clean,0.9173098125689085,0.9291177654600068,1500,1442,58,832,0.5769764216366158,0.5546666666666666,0.5933333333333334,11,11,0
0.4,0.8,0.6,dataset_condition,casehold|missing,0.8460710441334769,0.9291177654600068,1500,1443,57,786,0.5446985446985447,0.524,0.562,17,10,7
0.4,0.8,0.6,dataset_condition,casehold|partial,0.9006772009029346,0.9291177654600068,1500,1434,66,798,0.5564853556485355,0.532,0.576,14,13,1
0.4,0.8,0.6,dataset_condition,casehold|noisy,0.9056399132321041,0.9291177654600068,1500,1478,22,835,0.5649526387009473,0.5566666666666666,0.5713333333333334,12,12,0
0.4,0.8,0.6,dataset_condition,casehold|stale,0.8913234005258545,0.9291177654600068,1500,1488,12,1017,0.6834677419354839,0.678,0.686,7,5,2
0.4,0.8,0.6,dataset_condition,casehold|contradictory,0.8711967545638946,0.9291177654600068,1500,1465,35,859,0.5863481228668942,0.5726666666666667,0.596,9,9,0
0.4,0.8,0.6,dataset_condition,finqa|clean,1.0,0.9291177654600068,1500,1484,16,1122,0.7560646900269542,0.748,0.7586666666666667,5,6,-1
0.4,0.8,0.6,dataset_condition,finqa|missing,0.9861111111111112,0.9291177654600068,1500,1496,4,355,0.23729946524064172,0.23666666666666666,0.23933333333333334,31,33,-2
0.4,0.8,0.6,dataset_condition,finqa|partial,0.9975490196078431,0.9291177654600068,1500,1492,8,814,0.5455764075067024,0.5426666666666666,0.548,16,18,-2
0.4,0.8,0.6,dataset_condition,finqa|noisy,0.9950186799501868,0.9291177654600068,1500,1496,4,799,0.5340909090909091,0.5326666666666666,0.5353333333333333,19,19,0
0.4,0.8,0.6,dataset_condition,finqa|stale,0.996059889676911,0.9291177654600068,1500,1499,1,1264,0.8432288192128086,0.8426666666666667,0.8433333333333334,2,3,-1
0.4,0.8,0.6,dataset_condition,finqa|contradictory,0.995,0.9291177654600068,1500,1484,16,995,0.6704851752021563,0.6633333333333333,0.674,8,8,0
0.4,0.8,0.6,dataset_condition,tatqa|clean,0.9811764705882353,0.9291177654600068,1500,1495,5,834,0.5578595317725753,0.556,0.5593333333333333,13,16,-3
0.4,0.8,0.6,dataset_condition,tatqa|missing,0.9568345323741008,0.9291177654600068,1500,1485,15,798,0.5373737373737374,0.532,0.542,18,17,1
0.4,0.8,0.6,dataset_condition,tatqa|partial,0.960233918128655,0.9291177654600068,1500,1493,7,821,0.549899531145345,0.5473333333333333,0.552,15,15,0
0.4,0.8,0.6,dataset_condition,tatqa|noisy,0.9571823204419889,0.9291177654600068,1500,1486,14,693,0.46635262449528936,0.462,0.4713333333333333,21,22,-1
0.4,0.8,0.6,dataset_condition,tatqa|stale,0.9722966934763181,0.9291177654600068,1500,1481,19,1088,0.7346387575962188,0.7253333333333334,0.738,6,7,-1
0.4,0.8,0.6,dataset_condition,tatqa|contradictory,0.9609483960948396,0.9291177654600068,1500,1493,7,689,0.4614869390488948,0.4593333333333333,0.464,22,23,-1
0.5,0.6,0.4,model,qwen25_3b,0.9930112427833485,0.9928670253651037,12000,11709,291,6582,0.5621316935690495,0.5485,0.57275,1,1,0
0.5,0.6,0.4,model,qwen25_7b,0.9986089030206677,0.9928670253651037,12000,11920,80,5032,0.4221476510067114,0.41933333333333334,0.426,4,4,0
0.5,0.6,0.4,model,mistral_7b,0.9803216250528989,0.9928670253651037,12000,11492,508,4726,0.41124260355029585,0.3938333333333333,0.43616666666666665,5,5,0
0.5,0.6,0.4,model,phi35_mini,0.9997857295907435,0.9928670253651037,12000,11792,208,4667,0.39577679782903663,0.3889166666666667,0.40625,6,6,0
0.5,0.6,0.4,model,granite33_8b,0.9962382445141066,0.9928670253651037,12000,11887,113,6380,0.5367207874148229,0.5316666666666666,0.5410833333333334,2,2,0
0.5,0.6,0.4,model,falcon3_7b,0.9881276761385753,0.9928670253651037,12000,11616,384,5138,0.4423209366391185,0.42816666666666664,0.46016666666666667,3,3,0
0.5,0.6,0.4,condition,clean,0.9963227341553104,0.9928670253651037,12000,11667,333,4623,0.3962458215479558,0.38525,0.413,4,4,0
0.5,0.6,0.4,condition,missing,0.9837985555338669,0.9928670253651037,12000,11828,172,5123,0.4331247886371322,0.42691666666666667,0.44125,3,3,0
0.5,0.6,0.4,condition,partial,0.987196636728454,0.9928670253651037,12000,11698,302,5233,0.4473414258847666,0.4360833333333333,0.46125,2,2,0
0.5,0.6,0.4,condition,noisy,0.9944159035068126,0.9928670253651037,12000,11726,274,4477,0.3818011257035647,0.3730833333333333,0.39591666666666664,5,5,0
0.5,0.6,0.4,condition,stale,0.9974793767186068,0.9928670253651037,12000,11799,201,8728,0.7397237053987626,0.7273333333333334,0.7440833333333333,1,1,0
0.5,0.6,0.4,condition,contradictory,0.9958534899792675,0.9928670253651037,12000,11698,302,4341,0.37108907505556504,0.36175,0.3869166666666667,6,6,0
0.5,0.6,0.4,dataset_condition,hotpotqa|clean,1.0,0.9928670253651037,1500,1491,9,385,0.25821596244131456,0.25666666666666665,0.26266666666666666,32,32,0
0.5,0.6,0.4,dataset_condition,hotpotqa|missing,1.0,0.9928670253651037,1500,1492,8,786,0.5268096514745308,0.524,0.5293333333333333,20,20,0
0.5,0.6,0.4,dataset_condition,hotpotqa|partial,0.9972789115646259,0.9928670253651037,1500,1497,3,735,0.4909819639278557,0.49,0.492,21,21,0
0.5,0.6,0.4,dataset_condition,hotpotqa|noisy,0.9976744186046511,0.9928670253651037,1500,1494,6,430,0.2878179384203481,0.2866666666666667,0.2906666666666667,30,30,0
0.5,0.6,0.4,dataset_condition,hotpotqa|stale,1.0,0.9928670253651037,1500,1489,11,887,0.5957018132975151,0.5913333333333334,0.5986666666666667,14,14,0
0.5,0.6,0.4,dataset_condition,hotpotqa|contradictory,1.0,0.9928670253651037,1500,1487,13,326,0.21923335574983188,0.21733333333333332,0.226,35,34,1
0.5,0.6,0.4,dataset_condition,fever|clean,0.9880952380952381,0.9928670253651037,1500,1439,61,84,0.05837387074357193,0.056,0.09666666666666666,41,41,0
0.5,0.6,0.4,dataset_condition,fever|missing,0.9072847682119205,0.9928670253651037,1500,1473,27,151,0.10251188051595383,0.10066666666666667,0.11866666666666667,38,38,0
0.5,0.6,0.4,dataset_condition,fever|partial,0.9699248120300752,0.9928670253651037,1500,1395,105,133,0.0953405017921147,0.08866666666666667,0.15866666666666668,39,39,0
0.5,0.6,0.4,dataset_condition,fever|noisy,0.9878048780487805,0.9928670253651037,1500,1415,85,82,0.057950530035335686,0.05466666666666667,0.11133333333333334,42,42,0
0.5,0.6,0.4,dataset_condition,fever|stale,0.9911242603550295,0.9928670253651037,1500,1459,41,676,0.46333104866346814,0.45066666666666666,0.478,24,24,0
0.5,0.6,0.4,dataset_condition,fever|contradictory,0.9696969696969697,0.9928670253651037,1500,1418,82,132,0.0930888575458392,0.088,0.14266666666666666,40,40,0
0.5,0.6,0.4,dataset_condition,pubmedqa|clean,0.9901873327386262,0.9928670253651037,3000,2893,107,1121,0.38748703767715176,0.37366666666666665,0.4093333333333333,26,26,0
0.5,0.6,0.4,dataset_condition,pubmedqa|missing,0.9243937232524965,0.9928670253651037,3000,2990,10,701,0.23444816053511705,0.23366666666666666,0.237,34,35,-1
0.5,0.6,0.4,dataset_condition,pubmedqa|partial,0.9683184402924452,0.9928670253651037,3000,2905,95,1231,0.42375215146299483,0.4103333333333333,0.442,25,25,0
0.5,0.6,0.4,dataset_condition,pubmedqa|noisy,0.9822222222222222,0.9928670253651037,3000,2907,93,1125,0.38699690402476783,0.375,0.406,27,27,0
0.5,0.6,0.4,dataset_condition,pubmedqa|stale,0.9953409572215163,0.9928670253651037,3000,2948,52,2361,0.8008819538670285,0.787,0.8043333333333333,4,4,0
0.5,0.6,0.4,dataset_condition,pubmedqa|contradictory,0.9869608826479438,0.9928670253651037,3000,2908,92,997,0.34284731774415406,0.3323333333333333,0.363,29,29,0
0.5,0.6,0.4,dataset_condition,cuad|clean,1.0,0.9928670253651037,1500,1425,75,149,0.10456140350877192,0.09933333333333333,0.14933333333333335,37,37,0
0.5,0.6,0.4,dataset_condition,cuad|missing,1.0,0.9928670253651037,1500,1449,51,1346,0.9289164941338854,0.8973333333333333,0.9313333333333333,1,1,0
0.5,0.6,0.4,dataset_condition,cuad|partial,0.9840425531914894,0.9928670253651037,1500,1483,17,564,0.380310182063385,0.376,0.3873333333333333,28,28,0
0.5,0.6,0.4,dataset_condition,cuad|noisy,1.0,0.9928670253651037,1500,1450,50,388,0.2675862068965517,0.25866666666666666,0.292,31,31,0
0.5,0.6,0.4,dataset_condition,cuad|stale,0.997643362136685,0.9928670253651037,1500,1436,64,1273,0.8864902506963789,0.8486666666666667,0.8913333333333333,2,2,0
0.5,0.6,0.4,dataset_condition,cuad|contradictory,0.994535519125683,0.9928670253651037,1500,1444,56,183,0.12673130193905818,0.122,0.15933333333333333,36,36,0
0.5,0.6,0.4,dataset_condition,casehold|clean,0.9945175438596491,0.9928670253651037,1500,1442,58,912,0.6324549237170597,0.608,0.6466666666666666,11,11,0
0.5,0.6,0.4,dataset_condition,casehold|missing,0.991462113127001,0.9928670253651037,1500,1443,57,937,0.6493416493416494,0.6246666666666667,0.6626666666666666,10,10,0
0.5,0.6,0.4,dataset_condition,casehold|partial,0.9932735426008968,0.9928670253651037,1500,1434,66,892,0.6220362622036262,0.5946666666666667,0.6386666666666667,13,13,0
0.5,0.6,0.4,dataset_condition,casehold|noisy,0.9978354978354979,0.9928670253651037,1500,1478,22,924,0.625169147496617,0.616,0.6306666666666667,12,12,0
0.5,0.6,0.4,dataset_condition,casehold|stale,1.0,0.9928670253651037,1500,1488,12,1141,0.7668010752688172,0.7606666666666667,0.7686666666666667,5,5,0
0.5,0.6,0.4,dataset_condition,casehold|contradictory,1.0,0.9928670253651037,1500,1465,35,986,0.673037542662116,0.6573333333333333,0.6806666666666666,9,9,0
0.5,0.6,0.4,dataset_condition,finqa|clean,1.0,0.9928670253651037,1500,1482,18,1122,0.757085020242915,0.748,0.76,7,6,1
0.5,0.6,0.4,dataset_condition,finqa|missing,0.9917355371900827,0.9928670253651037,1500,1496,4,363,0.2426470588235294,0.242,0.24466666666666667,33,33,0
0.5,0.6,0.4,dataset_condition,finqa|partial,0.9975550122249389,0.9928670253651037,1500,1492,8,818,0.5482573726541555,0.5453333333333333,0.5506666666666666,18,18,0
0.5,0.6,0.4,dataset_condition,finqa|noisy,0.9987562189054726,0.9928670253651037,1500,1496,4,804,0.5374331550802139,0.536,0.5386666666666666,19,19,0
0.5,0.6,0.4,dataset_condition,finqa|stale,1.0,0.9928670253651037,1500,1499,1,1269,0.8465643762508339,0.846,0.8466666666666667,3,3,0
0.5,0.6,0.4,dataset_condition,finqa|contradictory,1.0,0.9928670253651037,1500,1484,16,1000,0.6738544474393531,0.6666666666666666,0.6773333333333333,8,8,0
0.5,0.6,0.4,dataset_condition,tatqa|clean,1.0,0.9928670253651037,1500,1495,5,850,0.568561872909699,0.5666666666666667,0.57,16,16,0
0.5,0.6,0.4,dataset_condition,tatqa|missing,0.9940405244338498,0.9928670253651037,1500,1485,15,839,0.564983164983165,0.5593333333333333,0.5693333333333334,17,17,0
0.5,0.6,0.4,dataset_condition,tatqa|partial,0.9941860465116279,0.9928670253651037,1500,1492,8,860,0.5764075067024129,0.5733333333333334,0.5786666666666667,15,15,0
0.5,0.6,0.4,dataset_condition,tatqa|noisy,1.0,0.9928670253651037,1500,1486,14,724,0.48721399730820997,0.4826666666666667,0.492,22,22,0
0.5,0.6,0.4,dataset_condition,tatqa|stale,0.9982158786797503,0.9928670253651037,1500,1480,20,1121,0.7574324324324324,0.7473333333333333,0.7606666666666667,6,7,-1
0.5,0.6,0.4,dataset_condition,tatqa|contradictory,1.0,0.9928670253651037,1500,1492,8,717,0.48056300268096513,0.478,0.48333333333333334,23,23,0
0.5,0.6,0.5,model,qwen25_3b,0.9930112427833485,0.9928975525765589,12000,11709,291,6582,0.5621316935690495,0.5485,0.57275,1,1,0
0.5,0.6,0.5,model,qwen25_7b,0.9986089030206677,0.9928975525765589,12000,11920,80,5032,0.4221476510067114,0.41933333333333334,0.426,4,4,0
0.5,0.6,0.5,model,mistral_7b,0.9805291005291006,0.9928975525765589,12000,11492,508,4725,0.411155586494953,0.39375,0.4360833333333333,5,5,0
0.5,0.6,0.5,model,phi35_mini,0.9997857295907435,0.9928975525765589,12000,11792,208,4667,0.39577679782903663,0.3889166666666667,0.40625,6,6,0
0.5,0.6,0.5,model,granite33_8b,0.9962382445141066,0.9928975525765589,12000,11887,113,6380,0.5367207874148229,0.5316666666666666,0.5410833333333334,2,2,0
0.5,0.6,0.5,model,falcon3_7b,0.9881276761385753,0.9928975525765589,12000,11616,384,5138,0.4423209366391185,0.42816666666666664,0.46016666666666667,3,3,0
0.5,0.6,0.5,condition,clean,0.9963227341553104,0.9928975525765589,12000,11667,333,4623,0.3962458215479558,0.38525,0.413,4,4,0
0.5,0.6,0.5,condition,missing,0.9837985555338669,0.9928975525765589,12000,11828,172,5123,0.4331247886371322,0.42691666666666667,0.44125,3,3,0
0.5,0.6,0.5,condition,partial,0.987196636728454,0.9928975525765589,12000,11698,302,5233,0.4473414258847666,0.4360833333333333,0.46125,2,2,0
0.5,0.6,0.5,condition,noisy,0.9946380697050938,0.9928975525765589,12000,11726,274,4476,0.3817158451304793,0.373,0.3958333333333333,5,5,0
0.5,0.6,0.5,condition,stale,0.9974793767186068,0.9928975525765589,12000,11799,201,8728,0.7397237053987626,0.7273333333333334,0.7440833333333333,1,1,0
0.5,0.6,0.5,condition,contradictory,0.9958534899792675,0.9928975525765589,12000,11698,302,4341,0.37108907505556504,0.36175,0.3869166666666667,6,6,0
0.5,0.6,0.5,dataset_condition,hotpotqa|clean,1.0,0.9928975525765589,1500,1491,9,385,0.25821596244131456,0.25666666666666665,0.26266666666666666,32,32,0
0.5,0.6,0.5,dataset_condition,hotpotqa|missing,1.0,0.9928975525765589,1500,1492,8,786,0.5268096514745308,0.524,0.5293333333333333,20,20,0
0.5,0.6,0.5,dataset_condition,hotpotqa|partial,0.9972789115646259,0.9928975525765589,1500,1497,3,735,0.4909819639278557,0.49,0.492,21,21,0
0.5,0.6,0.5,dataset_condition,hotpotqa|noisy,1.0,0.9928975525765589,1500,1494,6,429,0.28714859437751006,0.286,0.29,30,30,0
0.5,0.6,0.5,dataset_condition,hotpotqa|stale,1.0,0.9928975525765589,1500,1489,11,887,0.5957018132975151,0.5913333333333334,0.5986666666666667,14,14,0
0.5,0.6,0.5,dataset_condition,hotpotqa|contradictory,1.0,0.9928975525765589,1500,1487,13,326,0.21923335574983188,0.21733333333333332,0.226,35,34,1
0.5,0.6,0.5,dataset_condition,fever|clean,0.9880952380952381,0.9928975525765589,1500,1439,61,84,0.05837387074357193,0.056,0.09666666666666666,41,41,0
0.5,0.6,0.5,dataset_condition,fever|missing,0.9072847682119205,0.9928975525765589,1500,1473,27,151,0.10251188051595383,0.10066666666666667,0.11866666666666667,38,38,0
0.5,0.6,0.5,dataset_condition,fever|partial,0.9699248120300752,0.9928975525765589,1500,1395,105,133,0.0953405017921147,0.08866666666666667,0.15866666666666668,39,39,0
0.5,0.6,0.5,dataset_condition,fever|noisy,0.9878048780487805,0.9928975525765589,1500,1415,85,82,0.057950530035335686,0.05466666666666667,0.11133333333333334,42,42,0
0.5,0.6,0.5,dataset_condition,fever|stale,0.9911242603550295,0.9928975525765589,1500,1459,41,676,0.46333104866346814,0.45066666666666666,0.478,24,24,0
0.5,0.6,0.5,dataset_condition,fever|contradictory,0.9696969696969697,0.9928975525765589,1500,1418,82,132,0.0930888575458392,0.088,0.14266666666666666,40,40,0
0.5,0.6,0.5,dataset_condition,pubmedqa|clean,0.9901873327386262,0.9928975525765589,3000,2893,107,1121,0.38748703767715176,0.37366666666666665,0.4093333333333333,26,26,0
0.5,0.6,0.5,dataset_condition,pubmedqa|missing,0.9243937232524965,0.9928975525765589,3000,2990,10,701,0.23444816053511705,0.23366666666666666,0.237,34,35,-1
0.5,0.6,0.5,dataset_condition,pubmedqa|partial,0.9683184402924452,0.9928975525765589,3000,2905,95,1231,0.42375215146299483,0.4103333333333333,0.442,25,25,0
0.5,0.6,0.5,dataset_condition,pubmedqa|noisy,0.9822222222222222,0.9928975525765589,3000,2907,93,1125,0.38699690402476783,0.375,0.406,27,27,0
0.5,0.6,0.5,dataset_condition,pubmedqa|stale,0.9953409572215163,0.9928975525765589,3000,2948,52,2361,0.8008819538670285,0.787,0.8043333333333333,4,4,0
0.5,0.6,0.5,dataset_condition,pubmedqa|contradictory,0.9869608826479438,0.9928975525765589,3000,2908,92,997,0.34284731774415406,0.3323333333333333,0.363,29,29,0
0.5,0.6,0.5,dataset_condition,cuad|clean,1.0,0.9928975525765589,1500,1425,75,149,0.10456140350877192,0.09933333333333333,0.14933333333333335,37,37,0
0.5,0.6,0.5,dataset_condition,cuad|missing,1.0,0.9928975525765589,1500,1449,51,1346,0.9289164941338854,0.8973333333333333,0.9313333333333333,1,1,0
0.5,0.6,0.5,dataset_condition,cuad|partial,0.9840425531914894,0.9928975525765589,1500,1483,17,564,0.380310182063385,0.376,0.3873333333333333,28,28,0
0.5,0.6,0.5,dataset_condition,cuad|noisy,1.0,0.9928975525765589,1500,1450,50,388,0.2675862068965517,0.25866666666666666,0.292,31,31,0
0.5,0.6,0.5,dataset_condition,cuad|stale,0.997643362136685,0.9928975525765589,1500,1436,64,1273,0.8864902506963789,0.8486666666666667,0.8913333333333333,2,2,0
0.5,0.6,0.5,dataset_condition,cuad|contradictory,0.994535519125683,0.9928975525765589,1500,1444,56,183,0.12673130193905818,0.122,0.15933333333333333,36,36,0
0.5,0.6,0.5,dataset_condition,casehold|clean,0.9945175438596491,0.9928975525765589,1500,1442,58,912,0.6324549237170597,0.608,0.6466666666666666,11,11,0
0.5,0.6,0.5,dataset_condition,casehold|missing,0.991462113127001,0.9928975525765589,1500,1443,57,937,0.6493416493416494,0.6246666666666667,0.6626666666666666,10,10,0
0.5,0.6,0.5,dataset_condition,casehold|partial,0.9932735426008968,0.9928975525765589,1500,1434,66,892,0.6220362622036262,0.5946666666666667,0.6386666666666667,13,13,0
0.5,0.6,0.5,dataset_condition,casehold|noisy,0.9978354978354979,0.9928975525765589,1500,1478,22,924,0.625169147496617,0.616,0.6306666666666667,12,12,0
0.5,0.6,0.5,dataset_condition,casehold|stale,1.0,0.9928975525765589,1500,1488,12,1141,0.7668010752688172,0.7606666666666667,0.7686666666666667,5,5,0
0.5,0.6,0.5,dataset_condition,casehold|contradictory,1.0,0.9928975525765589,1500,1465,35,986,0.673037542662116,0.6573333333333333,0.6806666666666666,9,9,0
0.5,0.6,0.5,dataset_condition,finqa|clean,1.0,0.9928975525765589,1500,1482,18,1122,0.757085020242915,0.748,0.76,7,6,1
0.5,0.6,0.5,dataset_condition,finqa|missing,0.9917355371900827,0.9928975525765589,1500,1496,4,363,0.2426470588235294,0.242,0.24466666666666667,33,33,0
0.5,0.6,0.5,dataset_condition,finqa|partial,0.9975550122249389,0.9928975525765589,1500,1492,8,818,0.5482573726541555,0.5453333333333333,0.5506666666666666,18,18,0
0.5,0.6,0.5,dataset_condition,finqa|noisy,0.9987562189054726,0.9928975525765589,1500,1496,4,804,0.5374331550802139,0.536,0.5386666666666666,19,19,0
0.5,0.6,0.5,dataset_condition,finqa|stale,1.0,0.9928975525765589,1500,1499,1,1269,0.8465643762508339,0.846,0.8466666666666667,3,3,0
0.5,0.6,0.5,dataset_condition,finqa|contradictory,1.0,0.9928975525765589,1500,1484,16,1000,0.6738544474393531,0.6666666666666666,0.6773333333333333,8,8,0
0.5,0.6,0.5,dataset_condition,tatqa|clean,1.0,0.9928975525765589,1500,1495,5,850,0.568561872909699,0.5666666666666667,0.57,16,16,0
0.5,0.6,0.5,dataset_condition,tatqa|missing,0.9940405244338498,0.9928975525765589,1500,1485,15,839,0.564983164983165,0.5593333333333333,0.5693333333333334,17,17,0
0.5,0.6,0.5,dataset_condition,tatqa|partial,0.9941860465116279,0.9928975525765589,1500,1492,8,860,0.5764075067024129,0.5733333333333334,0.5786666666666667,15,15,0
0.5,0.6,0.5,dataset_condition,tatqa|noisy,1.0,0.9928975525765589,1500,1486,14,724,0.48721399730820997,0.4826666666666667,0.492,22,22,0
0.5,0.6,0.5,dataset_condition,tatqa|stale,0.9982158786797503,0.9928975525765589,1500,1480,20,1121,0.7574324324324324,0.7473333333333333,0.7606666666666667,6,7,-1
0.5,0.6,0.5,dataset_condition,tatqa|contradictory,1.0,0.9928975525765589,1500,1492,8,717,0.48056300268096513,0.478,0.48333333333333334,23,23,0
0.5,0.6,0.6,model,qwen25_3b,0.9924035247645092,0.9861615105480042,12000,11709,291,6578,0.5617900760099069,0.5481666666666667,0.5724166666666667,1,1,0
0.5,0.6,0.6,model,qwen25_7b,0.995429252782194,0.9861615105480042,12000,11921,79,5016,0.42077006962503144,0.418,0.4245833333333333,4,4,0
0.5,0.6,0.6,model,mistral_7b,0.9711925439525524,0.9861615105480042,12000,11492,508,4673,0.40663069961712495,0.3894166666666667,0.43175,5,5,0
0.5,0.6,0.6,model,phi35_mini,0.988000857081637,0.9861615105480042,12000,11792,208,4612,0.39111261872455905,0.38433333333333336,0.40166666666666667,6,6,0
0.5,0.6,0.6,model,granite33_8b,0.9926320739927889,0.9861615105480042,12000,11888,112,6355,0.5345726783310901,0.5295833333333333,0.5389166666666667,2,2,0
0.5,0.6,0.6,model,falcon3_7b,0.9731360716371423,0.9861615105480042,12000,11623,377,5059,0.4352576787404285,0.4215833333333333,0.453,3,3,0
0.5,0.6,0.6,condition,clean,0.9865887951546615,0.9861615105480042,12000,11671,329,4578,0.3922543055436552,0.3815,0.40891666666666665,4,4,0
0.5,0.6,0.6,condition,missing,0.9810620851229989,0.9861615105480042,12000,11828,172,5107,0.4317720662833953,0.4255833333333333,0.4399166666666667,3,3,0
0.5,0.6,0.6,condition,partial,0.9870055417542518,0.9861615105480042,12000,11698,302,5232,0.4472559411865276,0.436,0.46116666666666667,2,2,0
0.5,0.6,0.6,condition,noisy,0.9738430583501007,0.9861615105480042,12000,11729,271,4377,0.3731775939977833,0.36475,0.3873333333333333,5,5,0
0.5,0.6,0.6,condition,stale,0.9953019365188496,0.9861615105480042,12000,11799,201,8707,0.7379438935503009,0.7255833333333334,0.7423333333333333,1,1,0
0.5,0.6,0.6,condition,contradictory,0.9850230414746544,0.9861615105480042,12000,11700,300,4292,0.36683760683760686,0.3576666666666667,0.38266666666666665,6,6,0
0.5,0.6,0.6,dataset_condition,hotpotqa|clean,0.9792207792207792,0.9861615105480042,1500,1491,9,377,0.2528504359490275,0.25133333333333335,0.25733333333333336,32,32,0
0.5,0.6,0.6,dataset_condition,hotpotqa|missing,0.9961832061068703,0.9861615105480042,1500,1492,8,783,0.524798927613941,0.522,0.5273333333333333,20,20,0
0.5,0.6,0.6,dataset_condition,hotpotqa|partial,0.9972789115646259,0.9861615105480042,1500,1497,3,735,0.4909819639278557,0.49,0.492,21,21,0
0.5,0.6,0.6,dataset_condition,hotpotqa|noisy,0.9766899766899767,0.9861615105480042,1500,1494,6,419,0.28045515394912984,0.2793333333333333,0.2833333333333333,30,30,0
0.5,0.6,0.6,dataset_condition,hotpotqa|stale,0.9954904171364148,0.9861615105480042,1500,1489,11,883,0.5930154466084621,0.5886666666666667,0.596,14,14,0
0.5,0.6,0.6,dataset_condition,hotpotqa|contradictory,0.9846625766871165,0.9861615105480042,1500,1487,13,321,0.21587088096839274,0.214,0.22266666666666668,35,34,1
0.5,0.6,0.6,dataset_condition,fever|clean,0.9880952380952381,0.9861615105480042,1500,1439,61,84,0.05837387074357193,0.056,0.09666666666666666,41,41,0
0.5,0.6,0.6,dataset_condition,fever|missing,0.9072847682119205,0.9861615105480042,1500,1473,27,151,0.10251188051595383,0.10066666666666667,0.11866666666666667,38,38,0
0.5,0.6,0.6,dataset_condition,fever|partial,0.9699248120300752,0.9861615105480042,1500,1395,105,133,0.0953405017921147,0.08866666666666667,0.15866666666666668,39,39,0
0.5,0.6,0.6,dataset_condition,fever|noisy,0.9878048780487805,0.9861615105480042,1500,1415,85,82,0.057950530035335686,0.05466666666666667,0.11133333333333334,42,42,0
0.5,0.6,0.6,dataset_condition,fever|stale,0.9911242603550295,0.9861615105480042,1500,1459,41,676,0.46333104866346814,0.45066666666666666,0.478,24,24,0
0.5,0.6,0.6,dataset_condition,fever|contradictory,0.9696969696969697,0.9861615105480042,1500,1418,82,132,0.0930888575458392,0.088,0.14266666666666666,40,40,0
0.5,0.6,0.6,dataset_condition,pubmedqa|clean,0.9580731489741302,0.9861615105480042,3000,2897,103,1085,0.37452537107352435,0.3616666666666667,0.396,27,26,1
0.5,0.6,0.6,dataset_condition,pubmedqa|missing,0.9228571428571428,0.9861615105480042,3000,2990,10,698,0.2334448160535117,0.23266666666666666,0.236,34,35,-1
0.5,0.6,0.6,dataset_condition,pubmedqa|partial,0.9683184402924452,0.9861615105480042,3000,2905,95,1231,0.42375215146299483,0.4103333333333333,0.442,25,25,0
0.5,0.6,0.6,dataset_condition,pubmedqa|noisy,0.9188948306595366,0.9861615105480042,3000,2910,90,1048,0.36013745704467354,0.34933333333333333,0.37933333333333336,28,27,1
0.5,0.6,0.6,dataset_condition,pubmedqa|stale,0.9949174078780177,0.9861615105480042,3000,2948,52,2360,0.8005427408412483,0.7866666666666666,0.804,4,4,0
0.5,0.6,0.6,dataset_condition,pubmedqa|contradictory,0.9508032128514057,0.9861615105480042,3000,2910,90,959,0.329553264604811,0.31966666666666665,0.3496666666666667,29,29,0
0.5,0.6,0.6,dataset_condition,cuad|clean,1.0,0.9861615105480042,1500,1425,75,149,0.10456140350877192,0.09933333333333333,0.14933333333333335,37,37,0
0.5,0.6,0.6,dataset_condition,cuad|missing,1.0,0.9861615105480042,1500,1449,51,1346,0.9289164941338854,0.8973333333333333,0.9313333333333333,1,1,0
0.5,0.6,0.6,dataset_condition,cuad|partial,0.9840425531914894,0.9861615105480042,1500,1483,17,564,0.380310182063385,0.376,0.3873333333333333,26,28,-2
0.5,0.6,0.6,dataset_condition,cuad|noisy,0.9922680412371134,0.9861615105480042,1500,1450,50,385,0.2655172413793103,0.25666666666666665,0.29,31,31,0
0.5,0.6,0.6,dataset_condition,cuad|stale,0.9952830188679245,0.9861615105480042,1500,1436,64,1268,0.883008356545961,0.8453333333333334,0.888,2,2,0
0.5,0.6,0.6,dataset_condition,cuad|contradictory,0.994535519125683,0.9861615105480042,1500,1444,56,183,0.12673130193905818,0.122,0.15933333333333333,36,36,0
0.5,0.6,0.6,dataset_condition,casehold|clean,0.9945175438596491,0.9861615105480042,1500,1442,58,912,0.6324549237170597,0.608,0.6466666666666666,11,11,0
0.5,0.6,0.6,dataset_condition,casehold|missing,0.991462113127001,0.9861615105480042,1500,1443,57,937,0.6493416493416494,0.6246666666666667,0.6626666666666666,10,10,0
0.5,0.6,0.6,dataset_condition,casehold|partial,0.9932735426008968,0.9861615105480042,1500,1434,66,892,0.6220362622036262,0.5946666666666667,0.6386666666666667,13,13,0
0.5,0.6,0.6,dataset_condition,casehold|noisy,0.9978354978354979,0.9861615105480042,1500,1478,22,924,0.625169147496617,0.616,0.6306666666666667,12,12,0
0.5,0.6,0.6,dataset_condition,casehold|stale,0.9982471516213848,0.9861615105480042,1500,1488,12,1139,0.7654569892473119,0.7593333333333333,0.7673333333333333,5,5,0
0.5,0.6,0.6,dataset_condition,casehold|contradictory,1.0,0.9861615105480042,1500,1465,35,986,0.673037542662116,0.6573333333333333,0.6806666666666666,9,9,0
0.5,0.6,0.6,dataset_condition,finqa|clean,1.0,0.9861615105480042,1500,1482,18,1122,0.757085020242915,0.748,0.76,6,6,0
0.5,0.6,0.6,dataset_condition,finqa|missing,0.9862258953168044,0.9861615105480042,1500,1496,4,361,0.24131016042780748,0.24066666666666667,0.24333333333333335,33,33,0
0.5,0.6,0.6,dataset_condition,finqa|partial,0.9975550122249389,0.9861615105480042,1500,1492,8,818,0.5482573726541555,0.5453333333333333,0.5506666666666666,18,18,0
0.5,0.6,0.6,dataset_condition,finqa|noisy,0.996268656716418,0.9861615105480042,1500,1496,4,802,0.536096256684492,0.5346666666666666,0.5373333333333333,19,19,0
0.5,0.6,0.6,dataset_condition,finqa|stale,0.9976359338061466,0.9861615105480042,1500,1499,1,1266,0.8445630420280187,0.844,0.8446666666666667,3,3,0
0.5,0.6,0.6,dataset_condition,finqa|contradictory,1.0,0.9861615105480042,1500,1484,16,1000,0.6738544474393531,0.6666666666666666,0.6773333333333333,8,8,0
0.5,0.6,0.6,dataset_condition,tatqa|clean,0.9988235294117647,0.9861615105480042,1500,1495,5,849,0.5678929765886288,0.566,0.5693333333333334,16,16,0
0.5,0.6,0.6,dataset_condition,tatqa|missing,0.9845053635280095,0.9861615105480042,1500,1485,15,831,0.5595959595959596,0.554,0.564,17,17,0
0.5,0.6,0.6,dataset_condition,tatqa|partial,0.9930232558139535,0.9861615105480042,1500,1492,8,859,0.5757372654155496,0.5726666666666667,0.578,15,15,0
0.5,0.6,0.6,dataset_condition,tatqa|noisy,0.9903314917127072,0.9861615105480042,1500,1486,14,717,0.48250336473755046,0.478,0.48733333333333334,22,22,0
0.5,0.6,0.6,dataset_condition,tatqa|stale,0.9928635147190009,0.9861615105480042,1500,1480,20,1115,0.7533783783783784,0.7433333333333333,0.7566666666666667,7,7,0
0.5,0.6,0.6,dataset_condition,tatqa|contradictory,0.9916317991631799,0.9861615105480042,1500,1492,8,711,0.4765415549597855,0.474,0.47933333333333333,23,23,0
0.5,0.7,0.4,model,qwen25_3b,1.0,0.999969034495572,12000,11717,283,6536,0.5578219680805667,0.5446666666666666,0.56825,1,1,0
0.5,0.7,0.4,model,qwen25_7b,1.0,0.999969034495572,12000,11921,79,5025,0.42152503984565054,0.41875,0.42533333333333334,4,4,0
0.5,0.7,0.4,model,mistral_7b,0.9997842037116962,0.999969034495572,12000,11492,508,4634,0.4032370344587539,0.38616666666666666,0.4285,5,5,0
0.5,0.7,0.4,model,phi35_mini,1.0,0.999969034495572,12000,11792,208,4666,0.3956919945725916,0.3888333333333333,0.4061666666666667,6,6,0
0.5,0.7,0.4,model,granite33_8b,1.0,0.999969034495572,12000,11887,113,6356,0.5347017750483721,0.5296666666666666,0.5390833333333334,2,2,0
0.5,0.7,0.4,model,falcon3_7b,1.0,0.999969034495572,12000,11618,382,5077,0.43699431915992426,0.4230833333333333,0.4549166666666667,3,3,0
0.5,0.7,0.4,condition,clean,1.0,0.999969034495572,12000,11670,330,4606,0.3946872322193659,0.38383333333333336,0.41133333333333333,4,4,0
0.5,0.7,0.4,condition,missing,1.0,0.999969034495572,12000,11828,172,5040,0.4261075414271221,0.42,0.43433333333333335,3,3,0
0.5,0.7,0.4,condition,partial,1.0,0.999969034495572,12000,11703,297,5166,0.4414252755703666,0.4305,0.45525,2,2,0
0.5,0.7,0.4,condition,noisy,0.9997754322928363,0.999969034495572,12000,11726,274,4453,0.3797543919495139,0.3710833333333333,0.3939166666666667,5,5,0
0.5,0.7,0.4,condition,stale,1.0,0.999969034495572,12000,11800,200,8706,0.7377966101694915,0.7255,0.7421666666666666,1,1,0
0.5,0.7,0.4,condition,contradictory,1.0,0.999969034495572,12000,11700,300,4323,0.36948717948717946,0.36025,0.38525,6,6,0
0.5,0.7,0.4,dataset_condition,hotpotqa|clean,1.0,0.999969034495572,1500,1491,9,385,0.25821596244131456,0.25666666666666665,0.26266666666666666,32,32,0
0.5,0.7,0.4,dataset_condition,hotpotqa|missing,1.0,0.999969034495572,1500,1492,8,786,0.5268096514745308,0.524,0.5293333333333333,20,20,0
0.5,0.7,0.4,dataset_condition,hotpotqa|partial,1.0,0.999969034495572,1500,1497,3,733,0.48964595858383436,0.4886666666666667,0.49066666666666664,21,21,0
0.5,0.7,0.4,dataset_condition,hotpotqa|noisy,0.9976744186046511,0.999969034495572,1500,1494,6,430,0.2878179384203481,0.2866666666666667,0.2906666666666667,30,30,0
0.5,0.7,0.4,dataset_condition,hotpotqa|stale,1.0,0.999969034495572,1500,1489,11,887,0.5957018132975151,0.5913333333333334,0.5986666666666667,14,14,0
0.5,0.7,0.4,dataset_condition,hotpotqa|contradictory,1.0,0.999969034495572,1500,1488,12,326,0.21908602150537634,0.21733333333333332,0.22533333333333333,34,34,0
0.5,0.7,0.4,dataset_condition,fever|clean,1.0,0.999969034495572,1500,1439,61,83,0.057678943710910355,0.05533333333333333,0.096,41,41,0
0.5,0.7,0.4,dataset_condition,fever|missing,1.0,0.999969034495572,1500,1473,27,137,0.09300746775288526,0.09133333333333334,0.10933333333333334,38,38,0
0.5,0.7,0.4,dataset_condition,fever|partial,1.0,0.999969034495572,1500,1399,101,129,0.09220872051465333,0.086,0.15333333333333332,39,39,0
0.5,0.7,0.4,dataset_condition,fever|noisy,1.0,0.999969034495572,1500,1415,85,81,0.05724381625441696,0.054,0.11066666666666666,42,42,0
0.5,0.7,0.4,dataset_condition,fever|stale,1.0,0.999969034495572,1500,1459,41,670,0.4592186429061001,0.44666666666666666,0.474,24,24,0
0.5,0.7,0.4,dataset_condition,fever|contradictory,1.0,0.999969034495572,1500,1418,82,128,0.09026798307475317,0.08533333333333333,0.14,40,40,0
0.5,0.7,0.4,dataset_condition,pubmedqa|clean,1.0,0.999969034495572,3000,2894,106,1110,0.3835521769177609,0.37,0.4053333333333333,26,26,0
0.5,0.7,0.4,dataset_condition,pubmedqa|missing,1.0,0.999969034495572,3000,2990,10,648,0.21672240802675585,0.216,0.21933333333333332,35,35,0
0.5,0.7,0.4,dataset_condition,pubmedqa|partial,1.0,0.999969034495572,3000,2905,95,1192,0.4103270223752151,0.3973333333333333,0.429,25,25,0
0.5,0.7,0.4,dataset_condition,pubmedqa|noisy,1.0,0.999969034495572,3000,2907,93,1105,0.38011695906432746,0.36833333333333335,0.3993333333333333,27,27,0
0.5,0.7,0.4,dataset_condition,pubmedqa|stale,1.0,0.999969034495572,3000,2948,52,2350,0.7971506105834464,0.7833333333333333,0.8006666666666666,4,4,0
0.5,0.7,0.4,dataset_condition,pubmedqa|contradictory,1.0,0.999969034495572,3000,2908,92,984,0.33837689133425036,0.328,0.3586666666666667,29,29,0
0.5,0.7,0.4,dataset_condition,cuad|clean,1.0,0.999969034495572,1500,1425,75,149,0.10456140350877192,0.09933333333333333,0.14933333333333335,37,37,0
0.5,0.7,0.4,dataset_condition,cuad|missing,1.0,0.999969034495572,1500,1449,51,1346,0.9289164941338854,0.8973333333333333,0.9313333333333333,1,1,0
0.5,0.7,0.4,dataset_condition,cuad|partial,1.0,0.999969034495572,1500,1483,17,555,0.3742414025623736,0.37,0.38133333333333336,28,28,0
0.5,0.7,0.4,dataset_condition,cuad|noisy,1.0,0.999969034495572,1500,1450,50,388,0.2675862068965517,0.25866666666666666,0.292,31,31,0
0.5,0.7,0.4,dataset_condition,cuad|stale,1.0,0.999969034495572,1500,1436,64,1270,0.8844011142061281,0.8466666666666667,0.8893333333333333,2,2,0
0.5,0.7,0.4,dataset_condition,cuad|contradictory,1.0,0.999969034495572,1500,1444,56,182,0.1260387811634349,0.12133333333333333,0.15866666666666668,36,36,0
0.5,0.7,0.4,dataset_condition,casehold|clean,1.0,0.999969034495572,1500,1442,58,907,0.628987517337032,0.6046666666666667,0.6433333333333333,11,11,0
0.5,0.7,0.4,dataset_condition,casehold|missing,1.0,0.999969034495572,1500,1443,57,929,0.6437976437976438,0.6193333333333333,0.6573333333333333,10,10,0
0.5,0.7,0.4,dataset_condition,casehold|partial,1.0,0.999969034495572,1500,1434,66,886,0.6178521617852162,0.5906666666666667,0.6346666666666667,13,13,0
0.5,0.7,0.4,dataset_condition,casehold|noisy,1.0,0.999969034495572,1500,1478,22,922,0.6238159675236806,0.6146666666666667,0.6293333333333333,12,12,0
0.5,0.7,0.4,dataset_condition,casehold|stale,1.0,0.999969034495572,1500,1488,12,1141,0.7668010752688172,0.7606666666666667,0.7686666666666667,5,5,0
0.5,0.7,0.4,dataset_condition,casehold|contradictory,1.0,0.999969034495572,1500,1465,35,986,0.673037542662116,0.6573333333333333,0.6806666666666666,9,9,0
0.5,0.7,0.4,dataset_condition,finqa|clean,1.0,0.999969034495572,1500,1484,16,1122,0.7560646900269542,0.748,0.7586666666666667,6,6,0
0.5,0.7,0.4,dataset_condition,finqa|missing,1.0,0.999969034495572,1500,1496,4,360,0.24064171122994651,0.24,0.24266666666666667,33,33,0
0.5,0.7,0.4,dataset_condition,finqa|partial,1.0,0.999969034495572,1500,1492,8,816,0.546916890080429,0.544,0.5493333333333333,18,18,0
0.5,0.7,0.4,dataset_condition,finqa|noisy,1.0,0.999969034495572,1500,1496,4,803,0.5367647058823529,0.5353333333333333,0.538,19,19,0
0.5,0.7,0.4,dataset_condition,finqa|stale,1.0,0.999969034495572,1500,1499,1,1269,0.8465643762508339,0.846,0.8466666666666667,3,3,0
0.5,0.7,0.4,dataset_condition,finqa|contradictory,1.0,0.999969034495572,1500,1484,16,1000,0.6738544474393531,0.6666666666666666,0.6773333333333333,8,8,0
0.5,0.7,0.4,dataset_condition,tatqa|clean,1.0,0.999969034495572,1500,1495,5,850,0.568561872909699,0.5666666666666667,0.57,16,16,0
0.5,0.7,0.4,dataset_condition,tatqa|missing,1.0,0.999969034495572,1500,1485,15,834,0.5616161616161616,0.556,0.566,17,17,0
0.5,0.7,0.4,dataset_condition,tatqa|partial,1.0,0.999969034495572,1500,1493,7,855,0.5726724715338245,0.57,0.5746666666666667,15,15,0
0.5,0.7,0.4,dataset_condition,tatqa|noisy,1.0,0.999969034495572,1500,1486,14,724,0.48721399730820997,0.4826666666666667,0.492,22,22,0
0.5,0.7,0.4,dataset_condition,tatqa|stale,1.0,0.999969034495572,1500,1481,19,1119,0.7555705604321404,0.746,0.7586666666666667,7,7,0
0.5,0.7,0.4,dataset_condition,tatqa|contradictory,1.0,0.999969034495572,1500,1493,7,717,0.48024112525117213,0.478,0.4826666666666667,23,23,0
0.5,0.7,0.5,model,qwen25_3b,1.0,1.0,12000,11717,283,6536,0.5578219680805667,0.5446666666666666,0.56825,1,1,0
0.5,0.7,0.5,model,qwen25_7b,1.0,1.0,12000,11921,79,5025,0.42152503984565054,0.41875,0.42533333333333334,4,4,0
0.5,0.7,0.5,model,mistral_7b,1.0,1.0,12000,11492,508,4633,0.40315001740341105,0.38608333333333333,0.42841666666666667,5,5,0
0.5,0.7,0.5,model,phi35_mini,1.0,1.0,12000,11792,208,4666,0.3956919945725916,0.3888333333333333,0.4061666666666667,6,6,0
0.5,0.7,0.5,model,granite33_8b,1.0,1.0,12000,11887,113,6356,0.5347017750483721,0.5296666666666666,0.5390833333333334,2,2,0
0.5,0.7,0.5,model,falcon3_7b,1.0,1.0,12000,11618,382,5077,0.43699431915992426,0.4230833333333333,0.4549166666666667,3,3,0
0.5,0.7,0.5,condition,clean,1.0,1.0,12000,11670,330,4606,0.3946872322193659,0.38383333333333336,0.41133333333333333,4,4,0
0.5,0.7,0.5,condition,missing,1.0,1.0,12000,11828,172,5040,0.4261075414271221,0.42,0.43433333333333335,3,3,0
0.5,0.7,0.5,condition,partial,1.0,1.0,12000,11703,297,5166,0.4414252755703666,0.4305,0.45525,2,2,0
0.5,0.7,0.5,condition,noisy,1.0,1.0,12000,11726,274,4452,0.37966911137642845,0.371,0.3938333333333333,5,5,0
0.5,0.7,0.5,condition,stale,1.0,1.0,12000,11800,200,8706,0.7377966101694915,0.7255,0.7421666666666666,1,1,0
0.5,0.7,0.5,condition,contradictory,1.0,1.0,12000,11700,300,4323,0.36948717948717946,0.36025,0.38525,6,6,0
0.5,0.7,0.5,dataset_condition,hotpotqa|clean,1.0,1.0,1500,1491,9,385,0.25821596244131456,0.25666666666666665,0.26266666666666666,32,32,0
0.5,0.7,0.5,dataset_condition,hotpotqa|missing,1.0,1.0,1500,1492,8,786,0.5268096514745308,0.524,0.5293333333333333,20,20,0
0.5,0.7,0.5,dataset_condition,hotpotqa|partial,1.0,1.0,1500,1497,3,733,0.48964595858383436,0.4886666666666667,0.49066666666666664,21,21,0
0.5,0.7,0.5,dataset_condition,hotpotqa|noisy,1.0,1.0,1500,1494,6,429,0.28714859437751006,0.286,0.29,30,30,0
0.5,0.7,0.5,dataset_condition,hotpotqa|stale,1.0,1.0,1500,1489,11,887,0.5957018132975151,0.5913333333333334,0.5986666666666667,14,14,0
0.5,0.7,0.5,dataset_condition,hotpotqa|contradictory,1.0,1.0,1500,1488,12,326,0.21908602150537634,0.21733333333333332,0.22533333333333333,34,34,0
0.5,0.7,0.5,dataset_condition,fever|clean,1.0,1.0,1500,1439,61,83,0.057678943710910355,0.05533333333333333,0.096,41,41,0
0.5,0.7,0.5,dataset_condition,fever|missing,1.0,1.0,1500,1473,27,137,0.09300746775288526,0.09133333333333334,0.10933333333333334,38,38,0
0.5,0.7,0.5,dataset_condition,fever|partial,1.0,1.0,1500,1399,101,129,0.09220872051465333,0.086,0.15333333333333332,39,39,0
0.5,0.7,0.5,dataset_condition,fever|noisy,1.0,1.0,1500,1415,85,81,0.05724381625441696,0.054,0.11066666666666666,42,42,0
0.5,0.7,0.5,dataset_condition,fever|stale,1.0,1.0,1500,1459,41,670,0.4592186429061001,0.44666666666666666,0.474,24,24,0
0.5,0.7,0.5,dataset_condition,fever|contradictory,1.0,1.0,1500,1418,82,128,0.09026798307475317,0.08533333333333333,0.14,40,40,0
0.5,0.7,0.5,dataset_condition,pubmedqa|clean,1.0,1.0,3000,2894,106,1110,0.3835521769177609,0.37,0.4053333333333333,26,26,0
0.5,0.7,0.5,dataset_condition,pubmedqa|missing,1.0,1.0,3000,2990,10,648,0.21672240802675585,0.216,0.21933333333333332,35,35,0
0.5,0.7,0.5,dataset_condition,pubmedqa|partial,1.0,1.0,3000,2905,95,1192,0.4103270223752151,0.3973333333333333,0.429,25,25,0
0.5,0.7,0.5,dataset_condition,pubmedqa|noisy,1.0,1.0,3000,2907,93,1105,0.38011695906432746,0.36833333333333335,0.3993333333333333,27,27,0
0.5,0.7,0.5,dataset_condition,pubmedqa|stale,1.0,1.0,3000,2948,52,2350,0.7971506105834464,0.7833333333333333,0.8006666666666666,4,4,0
0.5,0.7,0.5,dataset_condition,pubmedqa|contradictory,1.0,1.0,3000,2908,92,984,0.33837689133425036,0.328,0.3586666666666667,29,29,0
0.5,0.7,0.5,dataset_condition,cuad|clean,1.0,1.0,1500,1425,75,149,0.10456140350877192,0.09933333333333333,0.14933333333333335,37,37,0
0.5,0.7,0.5,dataset_condition,cuad|missing,1.0,1.0,1500,1449,51,1346,0.9289164941338854,0.8973333333333333,0.9313333333333333,1,1,0
0.5,0.7,0.5,dataset_condition,cuad|partial,1.0,1.0,1500,1483,17,555,0.3742414025623736,0.37,0.38133333333333336,28,28,0
0.5,0.7,0.5,dataset_condition,cuad|noisy,1.0,1.0,1500,1450,50,388,0.2675862068965517,0.25866666666666666,0.292,31,31,0
0.5,0.7,0.5,dataset_condition,cuad|stale,1.0,1.0,1500,1436,64,1270,0.8844011142061281,0.8466666666666667,0.8893333333333333,2,2,0
0.5,0.7,0.5,dataset_condition,cuad|contradictory,1.0,1.0,1500,1444,56,182,0.1260387811634349,0.12133333333333333,0.15866666666666668,36,36,0
0.5,0.7,0.5,dataset_condition,casehold|clean,1.0,1.0,1500,1442,58,907,0.628987517337032,0.6046666666666667,0.6433333333333333,11,11,0
0.5,0.7,0.5,dataset_condition,casehold|missing,1.0,1.0,1500,1443,57,929,0.6437976437976438,0.6193333333333333,0.6573333333333333,10,10,0
0.5,0.7,0.5,dataset_condition,casehold|partial,1.0,1.0,1500,1434,66,886,0.6178521617852162,0.5906666666666667,0.6346666666666667,13,13,0
0.5,0.7,0.5,dataset_condition,casehold|noisy,1.0,1.0,1500,1478,22,922,0.6238159675236806,0.6146666666666667,0.6293333333333333,12,12,0
0.5,0.7,0.5,dataset_condition,casehold|stale,1.0,1.0,1500,1488,12,1141,0.7668010752688172,0.7606666666666667,0.7686666666666667,5,5,0
0.5,0.7,0.5,dataset_condition,casehold|contradictory,1.0,1.0,1500,1465,35,986,0.673037542662116,0.6573333333333333,0.6806666666666666,9,9,0
0.5,0.7,0.5,dataset_condition,finqa|clean,1.0,1.0,1500,1484,16,1122,0.7560646900269542,0.748,0.7586666666666667,6,6,0
0.5,0.7,0.5,dataset_condition,finqa|missing,1.0,1.0,1500,1496,4,360,0.24064171122994651,0.24,0.24266666666666667,33,33,0
0.5,0.7,0.5,dataset_condition,finqa|partial,1.0,1.0,1500,1492,8,816,0.546916890080429,0.544,0.5493333333333333,18,18,0
0.5,0.7,0.5,dataset_condition,finqa|noisy,1.0,1.0,1500,1496,4,803,0.5367647058823529,0.5353333333333333,0.538,19,19,0
0.5,0.7,0.5,dataset_condition,finqa|stale,1.0,1.0,1500,1499,1,1269,0.8465643762508339,0.846,0.8466666666666667,3,3,0
0.5,0.7,0.5,dataset_condition,finqa|contradictory,1.0,1.0,1500,1484,16,1000,0.6738544474393531,0.6666666666666666,0.6773333333333333,8,8,0
0.5,0.7,0.5,dataset_condition,tatqa|clean,1.0,1.0,1500,1495,5,850,0.568561872909699,0.5666666666666667,0.57,16,16,0
0.5,0.7,0.5,dataset_condition,tatqa|missing,1.0,1.0,1500,1485,15,834,0.5616161616161616,0.556,0.566,17,17,0
0.5,0.7,0.5,dataset_condition,tatqa|partial,1.0,1.0,1500,1493,7,855,0.5726724715338245,0.57,0.5746666666666667,15,15,0
0.5,0.7,0.5,dataset_condition,tatqa|noisy,1.0,1.0,1500,1486,14,724,0.48721399730820997,0.4826666666666667,0.492,22,22,0
0.5,0.7,0.5,dataset_condition,tatqa|stale,1.0,1.0,1500,1481,19,1119,0.7555705604321404,0.746,0.7586666666666667,7,7,0
0.5,0.7,0.5,dataset_condition,tatqa|contradictory,1.0,1.0,1500,1493,7,717,0.48024112525117213,0.478,0.4826666666666667,23,23,0
0.5,0.7,0.6,model,qwen25_3b,0.9993880048959608,0.9930325457529495,12000,11717,283,6532,0.5574805837671759,0.5443333333333333,0.5679166666666666,1,1,0
0.5,0.7,0.6,model,qwen25_7b,0.9968159203980099,0.9930325457529495,12000,11922,78,5009,0.4201476262372085,0.41741666666666666,0.42391666666666666,4,4,0
0.5,0.7,0.6,model,mistral_7b,0.9896395424131232,0.9930325457529495,12000,11492,508,4585,0.3989731987469544,0.38208333333333333,0.42441666666666666,5,5,0
0.5,0.7,0.6,model,phi35_mini,0.9882126018002572,0.9930325457529495,12000,11792,208,4611,0.391027815468114,0.38425,0.40158333333333335,6,6,0
0.5,0.7,0.6,model,granite33_8b,0.9962240402769037,0.9930325457529495,12000,11888,112,6332,0.5326379542395693,0.5276666666666666,0.537,2,2,0
0.5,0.7,0.6,model,falcon3_7b,0.9846365964152058,0.9930325457529495,12000,11625,375,4999,0.4300215053763441,0.41658333333333336,0.44783333333333336,3,3,0
0.5,0.7,0.6,condition,clean,0.9902301346070344,0.9930325457529495,12000,11674,326,4561,0.3906972759979441,0.38008333333333333,0.40725,4,4,0
0.5,0.7,0.6,condition,missing,0.9970238095238095,0.9930325457529495,12000,11828,172,5025,0.42483936422049373,0.41875,0.4330833333333333,3,3,0
0.5,0.7,0.6,condition,partial,0.999806426635695,0.9930325457529495,12000,11703,297,5165,0.44133982739468514,0.43041666666666667,0.45516666666666666,2,2,0
0.5,0.7,0.6,condition,noisy,0.9784366576819407,0.9930325457529495,12000,11729,271,4356,0.37138716003069316,0.363,0.38558333333333333,5,5,0
0.5,0.7,0.6,condition,stale,0.9977027337468413,0.9930325457529495,12000,11800,200,8686,0.7361016949152542,0.7238333333333333,0.7405,1,1,0
0.5,0.7,0.6,condition,contradictory,0.9888965995836225,0.9930325457529495,12000,11702,298,4275,0.36532216715091437,0.35625,0.38108333333333333,6,6,0
0.5,0.7,0.6,dataset_condition,hotpotqa|clean,0.9792207792207792,0.9930325457529495,1500,1491,9,377,0.2528504359490275,0.25133333333333335,0.25733333333333336,32,32,0
0.5,0.7,0.6,dataset_condition,hotpotqa|missing,0.9961832061068703,0.9930325457529495,1500,1492,8,783,0.524798927613941,0.522,0.5273333333333333,20,20,0
0.5,0.7,0.6,dataset_condition,hotpotqa|partial,1.0,0.9930325457529495,1500,1497,3,733,0.48964595858383436,0.4886666666666667,0.49066666666666664,21,21,0
0.5,0.7,0.6,dataset_condition,hotpotqa|noisy,0.9766899766899767,0.9930325457529495,1500,1494,6,419,0.28045515394912984,0.2793333333333333,0.2833333333333333,30,30,0
0.5,0.7,0.6,dataset_condition,hotpotqa|stale,0.9954904171364148,0.9930325457529495,1500,1489,11,883,0.5930154466084621,0.5886666666666667,0.596,14,14,0
0.5,0.7,0.6,dataset_condition,hotpotqa|contradictory,0.9846625766871165,0.9930325457529495,1500,1488,12,321,0.2157258064516129,0.214,0.222,35,34,1
0.5,0.7,0.6,dataset_condition,fever|clean,1.0,0.9930325457529495,1500,1439,61,83,0.057678943710910355,0.05533333333333333,0.096,41,41,0
0.5,0.7,0.6,dataset_condition,fever|missing,1.0,0.9930325457529495,1500,1473,27,137,0.09300746775288526,0.09133333333333334,0.10933333333333334,38,38,0
0.5,0.7,0.6,dataset_condition,fever|partial,1.0,0.9930325457529495,1500,1399,101,129,0.09220872051465333,0.086,0.15333333333333332,39,39,0
0.5,0.7,0.6,dataset_condition,fever|noisy,1.0,0.9930325457529495,1500,1415,85,81,0.05724381625441696,0.054,0.11066666666666666,42,42,0
0.5,0.7,0.6,dataset_condition,fever|stale,1.0,0.9930325457529495,1500,1459,41,670,0.4592186429061001,0.44666666666666666,0.474,24,24,0
0.5,0.7,0.6,dataset_condition,fever|contradictory,1.0,0.9930325457529495,1500,1418,82,128,0.09026798307475317,0.08533333333333333,0.14,40,40,0
0.5,0.7,0.6,dataset_condition,pubmedqa|clean,0.9675675675675676,0.9930325457529495,3000,2898,102,1074,0.37060041407867494,0.358,0.392,27,26,1
0.5,0.7,0.6,dataset_condition,pubmedqa|missing,0.9969135802469136,0.9930325457529495,3000,2990,10,646,0.21605351170568562,0.21533333333333332,0.21866666666666668,34,35,-1
0.5,0.7,0.6,dataset_condition,pubmedqa|partial,1.0,0.9930325457529495,3000,2905,95,1192,0.4103270223752151,0.3973333333333333,0.429,25,25,0
0.5,0.7,0.6,dataset_condition,pubmedqa|noisy,0.9330316742081448,0.9930325457529495,3000,2910,90,1031,0.35429553264604813,0.3436666666666667,0.37366666666666665,28,27,1
0.5,0.7,0.6,dataset_condition,pubmedqa|stale,0.9995744680851064,0.9930325457529495,3000,2948,52,2349,0.7968113975576662,0.783,0.8003333333333333,4,4,0
0.5,0.7,0.6,dataset_condition,pubmedqa|contradictory,0.9623983739837398,0.9930325457529495,3000,2910,90,947,0.3254295532646048,0.31566666666666665,0.3456666666666667,29,29,0
0.5,0.7,0.6,dataset_condition,cuad|clean,1.0,0.9930325457529495,1500,1425,75,149,0.10456140350877192,0.09933333333333333,0.14933333333333335,37,37,0
0.5,0.7,0.6,dataset_condition,cuad|missing,1.0,0.9930325457529495,1500,1449,51,1346,0.9289164941338854,0.8973333333333333,0.9313333333333333,1,1,0
0.5,0.7,0.6,dataset_condition,cuad|partial,1.0,0.9930325457529495,1500,1483,17,555,0.3742414025623736,0.37,0.38133333333333336,26,28,-2
0.5,0.7,0.6,dataset_condition,cuad|noisy,0.9922680412371134,0.9930325457529495,1500,1450,50,385,0.2655172413793103,0.25666666666666665,0.29,31,31,0
0.5,0.7,0.6,dataset_condition,cuad|stale,0.9968503937007874,0.9930325457529495,1500,1436,64,1266,0.8816155988857939,0.844,0.8866666666666667,2,2,0
0.5,0.7,0.6,dataset_condition,cuad|contradictory,1.0,0.9930325457529495,1500,1444,56,182,0.1260387811634349,0.12133333333333333,0.15866666666666668,36,36,0
0.5,0.7,0.6,dataset_condition,casehold|clean,1.0,0.9930325457529495,1500,1442,58,907,0.628987517337032,0.6046666666666667,0.6433333333333333,11,11,0
0.5,0.7,0.6,dataset_condition,casehold|missing,1.0,0.9930325457529495,1500,1443,57,929,0.6437976437976438,0.6193333333333333,0.6573333333333333,10,10,0
0.5,0.7,0.6,dataset_condition,casehold|partial,1.0,0.9930325457529495,1500,1434,66,886,0.6178521617852162,0.5906666666666667,0.6346666666666667,13,13,0
0.5,0.7,0.6,dataset_condition,casehold|noisy,1.0,0.9930325457529495,1500,1478,22,922,0.6238159675236806,0.6146666666666667,0.6293333333333333,12,12,0
0.5,0.7,0.6,dataset_condition,casehold|stale,0.9982471516213848,0.9930325457529495,1500,1488,12,1139,0.7654569892473119,0.7593333333333333,0.7673333333333333,5,5,0
0.5,0.7,0.6,dataset_condition,casehold|contradictory,1.0,0.9930325457529495,1500,1465,35,986,0.673037542662116,0.6573333333333333,0.6806666666666666,9,9,0
0.5,0.7,0.6,dataset_condition,finqa|clean,1.0,0.9930325457529495,1500,1484,16,1122,0.7560646900269542,0.748,0.7586666666666667,6,6,0
0.5,0.7,0.6,dataset_condition,finqa|missing,0.9944444444444445,0.9930325457529495,1500,1496,4,358,0.2393048128342246,0.23866666666666667,0.24133333333333334,33,33,0
0.5,0.7,0.6,dataset_condition,finqa|partial,1.0,0.9930325457529495,1500,1492,8,816,0.546916890080429,0.544,0.5493333333333333,18,18,0
0.5,0.7,0.6,dataset_condition,finqa|noisy,0.9975093399750934,0.9930325457529495,1500,1496,4,801,0.535427807486631,0.534,0.5366666666666666,19,19,0
0.5,0.7,0.6,dataset_condition,finqa|stale,0.9976359338061466,0.9930325457529495,1500,1499,1,1266,0.8445630420280187,0.844,0.8446666666666667,3,3,0
0.5,0.7,0.6,dataset_condition,finqa|contradictory,1.0,0.9930325457529495,1500,1484,16,1000,0.6738544474393531,0.6666666666666666,0.6773333333333333,8,8,0
0.5,0.7,0.6,dataset_condition,tatqa|clean,0.9988235294117647,0.9930325457529495,1500,1495,5,849,0.5678929765886288,0.566,0.5693333333333334,16,16,0
0.5,0.7,0.6,dataset_condition,tatqa|missing,0.9904076738609112,0.9930325457529495,1500,1485,15,826,0.5562289562289562,0.5506666666666666,0.5606666666666666,17,17,0
0.5,0.7,0.6,dataset_condition,tatqa|partial,0.9988304093567252,0.9930325457529495,1500,1493,7,854,0.5720026791694575,0.5693333333333334,0.574,15,15,0
0.5,0.7,0.6,dataset_condition,tatqa|noisy,0.9903314917127072,0.9930325457529495,1500,1486,14,717,0.48250336473755046,0.478,0.48733333333333334,22,22,0
0.5,0.7,0.6,dataset_condition,tatqa|stale,0.9946380697050938,0.9930325457529495,1500,1481,19,1113,0.7515192437542201,0.742,0.7546666666666667,7,7,0
0.5,0.7,0.6,dataset_condition,tatqa|contradictory,0.9916317991631799,0.9930325457529495,1500,1493,7,711,0.47622237106496984,0.474,0.4786666666666667,23,23,0
0.5,0.8,0.4,model,qwen25_3b,0.9981640146878825,0.9763113891125287,12000,11718,282,6524,0.5567502986857825,0.5436666666666666,0.5671666666666667,1,1,0
0.5,0.8,0.4,model,qwen25_7b,0.9870646766169154,0.9763113891125287,12000,11926,74,4960,0.4158980379003857,0.41333333333333333,0.4195,3,4,-1
0.5,0.8,0.4,model,mistral_7b,0.9812257229175658,0.9763113891125287,12000,11493,507,4548,0.39571913338553905,0.379,0.42125,5,5,0
0.5,0.8,0.4,model,phi35_mini,0.9815687955422203,0.9763113891125287,12000,11792,208,4580,0.3883989145183175,0.38166666666666665,0.399,6,6,0
0.5,0.8,0.4,model,granite33_8b,0.986784140969163,0.9763113891125287,12000,11889,111,6272,0.5275464715283035,0.5226666666666666,0.5319166666666667,2,2,0
0.5,0.8,0.4,model,falcon3_7b,0.9151073468583809,0.9763113891125287,12000,11628,372,4646,0.3995528035775714,0.38716666666666666,0.4181666666666667,4,3,1
0.5,0.8,0.4,condition,clean,0.9848024316109423,0.9763113891125287,12000,11671,329,4536,0.38865564219004367,0.378,0.40541666666666665,4,4,0
0.5,0.8,0.4,condition,missing,0.9632936507936508,0.9763113891125287,12000,11828,172,4855,0.4104666892120392,0.40458333333333335,0.41891666666666666,3,3,0
0.5,0.8,0.4,condition,partial,0.9554781262098335,0.9763113891125287,12000,11713,287,4936,0.42141210620677877,0.41133333333333333,0.43525,2,2,0
0.5,0.8,0.4,condition,noisy,0.979115203233775,0.9763113891125287,12000,11729,271,4361,0.3718134538323813,0.36341666666666667,0.386,5,5,0
0.5,0.8,0.4,condition,stale,0.9904663450493912,0.9763113891125287,12000,11802,198,8623,0.7306388747669886,0.7185833333333334,0.7350833333333333,1,1,0
0.5,0.8,0.4,condition,contradictory,0.9759426324311821,0.9763113891125287,12000,11703,297,4219,0.3605058532000342,0.35158333333333336,0.37633333333333335,6,6,0
0.5,0.8,0.4,dataset_condition,hotpotqa|clean,0.9974025974025974,0.9763113891125287,1500,1491,9,384,0.2575452716297787,0.256,0.262,32,32,0
0.5,0.8,0.4,dataset_condition,hotpotqa|missing,0.9872773536895675,0.9763113891125287,1500,1492,8,776,0.5201072386058981,0.5173333333333333,0.5226666666666666,20,20,0
0.5,0.8,0.4,dataset_condition,hotpotqa|partial,0.9781718963165075,0.9763113891125287,1500,1497,3,717,0.4789579158316633,0.478,0.48,22,21,1
0.5,0.8,0.4,dataset_condition,hotpotqa|noisy,0.9976744186046511,0.9763113891125287,1500,1494,6,430,0.2878179384203481,0.2866666666666667,0.2906666666666667,30,30,0
0.5,0.8,0.4,dataset_condition,hotpotqa|stale,0.9988726042841037,0.9763113891125287,1500,1489,11,886,0.5950302216252519,0.5906666666666667,0.598,13,14,-1
0.5,0.8,0.4,dataset_condition,hotpotqa|contradictory,0.9938650306748467,0.9763113891125287,1500,1488,12,324,0.21774193548387097,0.216,0.224,34,34,0
0.5,0.8,0.4,dataset_condition,fever|clean,0.9879518072289156,0.9763113891125287,1500,1439,61,82,0.05698401667824878,0.05466666666666667,0.09533333333333334,42,41,1
0.5,0.8,0.4,dataset_condition,fever|missing,1.0,0.9763113891125287,1500,1473,27,137,0.09300746775288526,0.09133333333333334,0.10933333333333334,38,38,0
0.5,0.8,0.4,dataset_condition,fever|partial,0.9922480620155039,0.9763113891125287,1500,1404,96,128,0.09116809116809117,0.08533333333333333,0.14933333333333335,39,39,0
0.5,0.8,0.4,dataset_condition,fever|noisy,1.0,0.9763113891125287,1500,1415,85,81,0.05724381625441696,0.054,0.11066666666666666,41,42,-1
0.5,0.8,0.4,dataset_condition,fever|stale,0.9865671641791045,0.9763113891125287,1500,1461,39,661,0.45242984257357977,0.44066666666666665,0.4666666666666667,24,24,0
0.5,0.8,0.4,dataset_condition,fever|contradictory,0.984375,0.9763113891125287,1500,1419,81,126,0.08879492600422834,0.084,0.138,40,40,0
0.5,0.8,0.4,dataset_condition,pubmedqa|clean,0.9513513513513514,0.9763113891125287,3000,2895,105,1056,0.36476683937823834,0.352,0.387,26,26,0
0.5,0.8,0.4,dataset_condition,pubmedqa|missing,0.8533950617283951,0.9763113891125287,3000,2990,10,553,0.18494983277591973,0.18433333333333332,0.18766666666666668,35,35,0
0.5,0.8,0.4,dataset_condition,pubmedqa|partial,0.8699664429530202,0.9763113891125287,3000,2910,90,1037,0.3563573883161512,0.3456666666666667,0.37566666666666665,27,25,2
0.5,0.8,0.4,dataset_condition,pubmedqa|noisy,0.9339366515837104,0.9763113891125287,3000,2910,90,1032,0.354639175257732,0.344,0.374,28,27,1
0.5,0.8,0.4,dataset_condition,pubmedqa|stale,0.9782978723404255,0.9763113891125287,3000,2948,52,2299,0.7798507462686567,0.7663333333333333,0.7836666666666666,4,4,0
0.5,0.8,0.4,dataset_condition,pubmedqa|contradictory,0.9115853658536586,0.9763113891125287,3000,2910,90,897,0.3082474226804124,0.299,0.329,29,29,0
0.5,0.8,0.4,dataset_condition,cuad|clean,0.9865771812080537,0.9763113891125287,1500,1425,75,147,0.1031578947368421,0.098,0.148,37,37,0
0.5,0.8,0.4,dataset_condition,cuad|missing,1.0,0.9763113891125287,1500,1449,51,1346,0.9289164941338854,0.8973333333333333,0.9313333333333333,1,1,0
0.5,0.8,0.4,dataset_condition,cuad|partial,0.9927927927927928,0.9763113891125287,1500,1483,17,551,0.3715441672285907,0.36733333333333335,0.37866666666666665,25,28,-3
0.5,0.8,0.4,dataset_condition,cuad|noisy,0.9974226804123711,0.9763113891125287,1500,1450,50,387,0.26689655172413795,0.258,0.29133333333333333,31,31,0
0.5,0.8,0.4,dataset_condition,cuad|stale,0.9984251968503937,0.9763113891125287,1500,1436,64,1268,0.883008356545961,0.8453333333333334,0.888,2,2,0
0.5,0.8,0.4,dataset_condition,cuad|contradictory,1.0,0.9763113891125287,1500,1444,56,182,0.1260387811634349,0.12133333333333333,0.15866666666666668,36,36,0
0.5,0.8,0.4,dataset_condition,casehold|clean,0.9867695700110254,0.9763113891125287,1500,1442,58,895,0.6206657420249653,0.5966666666666667,0.6353333333333333,10,11,-1
0.5,0.8,0.4,dataset_condition,casehold|missing,0.9311087190527448,0.9763113891125287,1500,1443,57,865,0.5994455994455995,0.5766666666666667,0.6146666666666667,12,10,2
0.5,0.8,0.4,dataset_condition,casehold|partial,0.95372460496614,0.9763113891125287,1500,1434,66,845,0.5892608089260809,0.5633333333333334,0.6073333333333333,14,13,1
0.5,0.8,0.4,dataset_condition,casehold|noisy,0.9837310195227765,0.9763113891125287,1500,1478,22,907,0.6136671177266576,0.6046666666666667,0.6193333333333333,11,12,-1
0.5,0.8,0.4,dataset_condition,casehold|stale,0.9973707274320771,0.9763113891125287,1500,1488,12,1138,0.7647849462365591,0.7586666666666667,0.7666666666666667,5,5,0
0.5,0.8,0.4,dataset_condition,casehold|contradictory,0.9939148073022313,0.9763113891125287,1500,1465,35,980,0.6689419795221843,0.6533333333333333,0.6766666666666666,9,9,0
0.5,0.8,0.4,dataset_condition,finqa|clean,1.0,0.9763113891125287,1500,1484,16,1122,0.7560646900269542,0.748,0.7586666666666667,6,6,0
0.5,0.8,0.4,dataset_condition,finqa|missing,0.9916666666666667,0.9763113891125287,1500,1496,4,357,0.23863636363636365,0.238,0.24066666666666667,33,33,0
0.5,0.8,0.4,dataset_condition,finqa|partial,0.9975490196078431,0.9763113891125287,1500,1492,8,814,0.5455764075067024,0.5426666666666666,0.548,18,18,0
0.5,0.8,0.4,dataset_condition,finqa|noisy,0.9975093399750934,0.9763113891125287,1500,1496,4,801,0.535427807486631,0.534,0.5366666666666666,19,19,0
0.5,0.8,0.4,dataset_condition,finqa|stale,0.9984239558707644,0.9763113891125287,1500,1499,1,1267,0.8452301534356238,0.8446666666666667,0.8453333333333334,3,3,0
0.5,0.8,0.4,dataset_condition,finqa|contradictory,0.995,0.9763113891125287,1500,1484,16,995,0.6704851752021563,0.6633333333333333,0.674,8,8,0
0.5,0.8,0.4,dataset_condition,tatqa|clean,1.0,0.9763113891125287,1500,1495,5,850,0.568561872909699,0.5666666666666667,0.57,15,16,-1
0.5,0.8,0.4,dataset_condition,tatqa|missing,0.9844124700239808,0.9763113891125287,1500,1485,15,821,0.5528619528619528,0.5473333333333333,0.5573333333333333,17,17,0
0.5,0.8,0.4,dataset_condition,tatqa|partial,0.9871345029239766,0.9763113891125287,1500,1493,7,844,0.565304755525787,0.5626666666666666,0.5673333333333334,16,15,1
0.5,0.8,0.4,dataset_condition,tatqa|noisy,0.9986187845303868,0.9763113891125287,1500,1486,14,723,0.48654104979811574,0.482,0.49133333333333334,21,22,-1
0.5,0.8,0.4,dataset_condition,tatqa|stale,0.9865951742627346,0.9763113891125287,1500,1481,19,1104,0.7454422687373397,0.736,0.7486666666666667,7,7,0
0.5,0.8,0.4,dataset_condition,tatqa|contradictory,0.99721059972106,0.9763113891125287,1500,1493,7,715,0.47890154052243805,0.4766666666666667,0.48133333333333334,23,23,0
0.5,0.8,0.5,model,qwen25_3b,0.9981640146878825,0.9763416220233487,12000,11718,282,6524,0.5567502986857825,0.5436666666666666,0.5671666666666667,1,1,0
0.5,0.8,0.5,model,qwen25_7b,0.9870646766169154,0.9763416220233487,12000,11926,74,4960,0.4158980379003857,0.41333333333333333,0.4195,3,4,-1
0.5,0.8,0.5,model,mistral_7b,0.9814375134901792,0.9763416220233487,12000,11493,507,4547,0.39563212390150526,0.3789166666666667,0.4211666666666667,5,5,0
0.5,0.8,0.5,model,phi35_mini,0.9815687955422203,0.9763416220233487,12000,11792,208,4580,0.3883989145183175,0.38166666666666665,0.399,6,6,0
0.5,0.8,0.5,model,granite33_8b,0.986784140969163,0.9763416220233487,12000,11889,111,6272,0.5275464715283035,0.5226666666666666,0.5319166666666667,2,2,0
0.5,0.8,0.5,model,falcon3_7b,0.9151073468583809,0.9763416220233487,12000,11628,372,4646,0.3995528035775714,0.38716666666666666,0.4181666666666667,4,3,1
0.5,0.8,0.5,condition,clean,0.9848024316109423,0.9763416220233487,12000,11671,329,4536,0.38865564219004367,0.378,0.40541666666666665,4,4,0
0.5,0.8,0.5,condition,missing,0.9632936507936508,0.9763416220233487,12000,11828,172,4855,0.4104666892120392,0.40458333333333335,0.41891666666666666,3,3,0
0.5,0.8,0.5,condition,partial,0.9554781262098335,0.9763416220233487,12000,11713,287,4936,0.42141210620677877,0.41133333333333333,0.43525,2,2,0
0.5,0.8,0.5,condition,noisy,0.9793351302785265,0.9763416220233487,12000,11729,271,4360,0.37172819507204363,0.36333333333333334,0.3859166666666667,5,5,0
0.5,0.8,0.5,condition,stale,0.9904663450493912,0.9763416220233487,12000,11802,198,8623,0.7306388747669886,0.7185833333333334,0.7350833333333333,1,1,0
0.5,0.8,0.5,condition,contradictory,0.9759426324311821,0.9763416220233487,12000,11703,297,4219,0.3605058532000342,0.35158333333333336,0.37633333333333335,6,6,0
0.5,0.8,0.5,dataset_condition,hotpotqa|clean,0.9974025974025974,0.9763416220233487,1500,1491,9,384,0.2575452716297787,0.256,0.262,32,32,0
0.5,0.8,0.5,dataset_condition,hotpotqa|missing,0.9872773536895675,0.9763416220233487,1500,1492,8,776,0.5201072386058981,0.5173333333333333,0.5226666666666666,20,20,0
0.5,0.8,0.5,dataset_condition,hotpotqa|partial,0.9781718963165075,0.9763416220233487,1500,1497,3,717,0.4789579158316633,0.478,0.48,22,21,1
0.5,0.8,0.5,dataset_condition,hotpotqa|noisy,1.0,0.9763416220233487,1500,1494,6,429,0.28714859437751006,0.286,0.29,30,30,0
0.5,0.8,0.5,dataset_condition,hotpotqa|stale,0.9988726042841037,0.9763416220233487,1500,1489,11,886,0.5950302216252519,0.5906666666666667,0.598,13,14,-1
0.5,0.8,0.5,dataset_condition,hotpotqa|contradictory,0.9938650306748467,0.9763416220233487,1500,1488,12,324,0.21774193548387097,0.216,0.224,34,34,0
0.5,0.8,0.5,dataset_condition,fever|clean,0.9879518072289156,0.9763416220233487,1500,1439,61,82,0.05698401667824878,0.05466666666666667,0.09533333333333334,42,41,1
0.5,0.8,0.5,dataset_condition,fever|missing,1.0,0.9763416220233487,1500,1473,27,137,0.09300746775288526,0.09133333333333334,0.10933333333333334,38,38,0
0.5,0.8,0.5,dataset_condition,fever|partial,0.9922480620155039,0.9763416220233487,1500,1404,96,128,0.09116809116809117,0.08533333333333333,0.14933333333333335,39,39,0
0.5,0.8,0.5,dataset_condition,fever|noisy,1.0,0.9763416220233487,1500,1415,85,81,0.05724381625441696,0.054,0.11066666666666666,41,42,-1
0.5,0.8,0.5,dataset_condition,fever|stale,0.9865671641791045,0.9763416220233487,1500,1461,39,661,0.45242984257357977,0.44066666666666665,0.4666666666666667,24,24,0
0.5,0.8,0.5,dataset_condition,fever|contradictory,0.984375,0.9763416220233487,1500,1419,81,126,0.08879492600422834,0.084,0.138,40,40,0
0.5,0.8,0.5,dataset_condition,pubmedqa|clean,0.9513513513513514,0.9763416220233487,3000,2895,105,1056,0.36476683937823834,0.352,0.387,26,26,0
0.5,0.8,0.5,dataset_condition,pubmedqa|missing,0.8533950617283951,0.9763416220233487,3000,2990,10,553,0.18494983277591973,0.18433333333333332,0.18766666666666668,35,35,0
0.5,0.8,0.5,dataset_condition,pubmedqa|partial,0.8699664429530202,0.9763416220233487,3000,2910,90,1037,0.3563573883161512,0.3456666666666667,0.37566666666666665,27,25,2
0.5,0.8,0.5,dataset_condition,pubmedqa|noisy,0.9339366515837104,0.9763416220233487,3000,2910,90,1032,0.354639175257732,0.344,0.374,28,27,1
0.5,0.8,0.5,dataset_condition,pubmedqa|stale,0.9782978723404255,0.9763416220233487,3000,2948,52,2299,0.7798507462686567,0.7663333333333333,0.7836666666666666,4,4,0
0.5,0.8,0.5,dataset_condition,pubmedqa|contradictory,0.9115853658536586,0.9763416220233487,3000,2910,90,897,0.3082474226804124,0.299,0.329,29,29,0
0.5,0.8,0.5,dataset_condition,cuad|clean,0.9865771812080537,0.9763416220233487,1500,1425,75,147,0.1031578947368421,0.098,0.148,37,37,0
0.5,0.8,0.5,dataset_condition,cuad|missing,1.0,0.9763416220233487,1500,1449,51,1346,0.9289164941338854,0.8973333333333333,0.9313333333333333,1,1,0
0.5,0.8,0.5,dataset_condition,cuad|partial,0.9927927927927928,0.9763416220233487,1500,1483,17,551,0.3715441672285907,0.36733333333333335,0.37866666666666665,25,28,-3
0.5,0.8,0.5,dataset_condition,cuad|noisy,0.9974226804123711,0.9763416220233487,1500,1450,50,387,0.26689655172413795,0.258,0.29133333333333333,31,31,0
0.5,0.8,0.5,dataset_condition,cuad|stale,0.9984251968503937,0.9763416220233487,1500,1436,64,1268,0.883008356545961,0.8453333333333334,0.888,2,2,0
0.5,0.8,0.5,dataset_condition,cuad|contradictory,1.0,0.9763416220233487,1500,1444,56,182,0.1260387811634349,0.12133333333333333,0.15866666666666668,36,36,0
0.5,0.8,0.5,dataset_condition,casehold|clean,0.9867695700110254,0.9763416220233487,1500,1442,58,895,0.6206657420249653,0.5966666666666667,0.6353333333333333,10,11,-1
0.5,0.8,0.5,dataset_condition,casehold|missing,0.9311087190527448,0.9763416220233487,1500,1443,57,865,0.5994455994455995,0.5766666666666667,0.6146666666666667,12,10,2
0.5,0.8,0.5,dataset_condition,casehold|partial,0.95372460496614,0.9763416220233487,1500,1434,66,845,0.5892608089260809,0.5633333333333334,0.6073333333333333,14,13,1
0.5,0.8,0.5,dataset_condition,casehold|noisy,0.9837310195227765,0.9763416220233487,1500,1478,22,907,0.6136671177266576,0.6046666666666667,0.6193333333333333,11,12,-1
0.5,0.8,0.5,dataset_condition,casehold|stale,0.9973707274320771,0.9763416220233487,1500,1488,12,1138,0.7647849462365591,0.7586666666666667,0.7666666666666667,5,5,0
0.5,0.8,0.5,dataset_condition,casehold|contradictory,0.9939148073022313,0.9763416220233487,1500,1465,35,980,0.6689419795221843,0.6533333333333333,0.6766666666666666,9,9,0
0.5,0.8,0.5,dataset_condition,finqa|clean,1.0,0.9763416220233487,1500,1484,16,1122,0.7560646900269542,0.748,0.7586666666666667,6,6,0
0.5,0.8,0.5,dataset_condition,finqa|missing,0.9916666666666667,0.9763416220233487,1500,1496,4,357,0.23863636363636365,0.238,0.24066666666666667,33,33,0
0.5,0.8,0.5,dataset_condition,finqa|partial,0.9975490196078431,0.9763416220233487,1500,1492,8,814,0.5455764075067024,0.5426666666666666,0.548,18,18,0
0.5,0.8,0.5,dataset_condition,finqa|noisy,0.9975093399750934,0.9763416220233487,1500,1496,4,801,0.535427807486631,0.534,0.5366666666666666,19,19,0
0.5,0.8,0.5,dataset_condition,finqa|stale,0.9984239558707644,0.9763416220233487,1500,1499,1,1267,0.8452301534356238,0.8446666666666667,0.8453333333333334,3,3,0
0.5,0.8,0.5,dataset_condition,finqa|contradictory,0.995,0.9763416220233487,1500,1484,16,995,0.6704851752021563,0.6633333333333333,0.674,8,8,0
0.5,0.8,0.5,dataset_condition,tatqa|clean,1.0,0.9763416220233487,1500,1495,5,850,0.568561872909699,0.5666666666666667,0.57,15,16,-1
0.5,0.8,0.5,dataset_condition,tatqa|missing,0.9844124700239808,0.9763416220233487,1500,1485,15,821,0.5528619528619528,0.5473333333333333,0.5573333333333333,17,17,0
0.5,0.8,0.5,dataset_condition,tatqa|partial,0.9871345029239766,0.9763416220233487,1500,1493,7,844,0.565304755525787,0.5626666666666666,0.5673333333333334,16,15,1
0.5,0.8,0.5,dataset_condition,tatqa|noisy,0.9986187845303868,0.9763416220233487,1500,1486,14,723,0.48654104979811574,0.482,0.49133333333333334,21,22,-1
0.5,0.8,0.5,dataset_condition,tatqa|stale,0.9865951742627346,0.9763416220233487,1500,1481,19,1104,0.7454422687373397,0.736,0.7486666666666667,7,7,0
0.5,0.8,0.5,dataset_condition,tatqa|contradictory,0.99721059972106,0.9763416220233487,1500,1493,7,715,0.47890154052243805,0.4766666666666667,0.48133333333333334,23,23,0
0.5,0.8,0.6,model,qwen25_3b,0.9975520195838433,0.9698386647261016,12000,11718,282,6520,0.5564089435057177,0.5433333333333333,0.5668333333333333,1,1,0
0.5,0.8,0.6,model,qwen25_7b,0.9838805970149254,0.9698386647261016,12000,11927,73,4944,0.4145216735138761,0.412,0.4180833333333333,3,4,-1
0.5,0.8,0.6,model,mistral_7b,0.9712928987696957,0.9698386647261016,12000,11493,507,4500,0.39154267815191857,0.375,0.41725,5,5,0
0.5,0.8,0.6,model,phi35_mini,0.9702100300042863,0.9698386647261016,12000,11792,208,4527,0.38390434192673,0.37725,0.39458333333333334,6,6,0
0.5,0.8,0.6,model,granite33_8b,0.9831655129011957,0.9698386647261016,12000,11890,110,6249,0.5255677039529016,0.52075,0.5299166666666667,2,2,0
0.5,0.8,0.6,model,falcon3_7b,0.901910577112468,0.9698386647261016,12000,11635,365,4579,0.39355393210141815,0.38158333333333333,0.412,4,3,1
0.5,0.8,0.6,condition,clean,0.9752496743378203,0.9698386647261016,12000,11675,325,4492,0.38475374732334044,0.37433333333333335,0.40141666666666664,4,4,0
0.5,0.8,0.6,condition,missing,0.960515873015873,0.9698386647261016,12000,11828,172,4841,0.40928305715251945,0.40341666666666665,0.41775,3,3,0
0.5,0.8,0.6,condition,partial,0.9552845528455285,0.9698386647261016,12000,11713,287,4935,0.4213267309826688,0.41125,0.43516666666666665,2,2,0
0.5,0.8,0.6,condition,noisy,0.9595687331536388,0.9698386647261016,12000,11732,268,4272,0.36413228775997275,0.356,0.37833333333333335,5,5,0
0.5,0.8,0.6,condition,stale,0.9882839421088904,0.9698386647261016,12000,11802,198,8604,0.7290289781392985,0.717,0.7335,1,1,0
0.5,0.8,0.6,condition,contradictory,0.965764515382836,0.9698386647261016,12000,11705,295,4175,0.3566851772746689,0.34791666666666665,0.3725,6,6,0
0.5,0.8,0.6,dataset_condition,hotpotqa|clean,0.9766233766233766,0.9698386647261016,1500,1491,9,376,0.25217974513749164,0.25066666666666665,0.25666666666666665,32,32,0
0.5,0.8,0.6,dataset_condition,hotpotqa|missing,0.9834605597964376,0.9698386647261016,1500,1492,8,773,0.5180965147453083,0.5153333333333333,0.5206666666666667,20,20,0
0.5,0.8,0.6,dataset_condition,hotpotqa|partial,0.9781718963165075,0.9698386647261016,1500,1497,3,717,0.4789579158316633,0.478,0.48,22,21,1
0.5,0.8,0.6,dataset_condition,hotpotqa|noisy,0.9766899766899767,0.9698386647261016,1500,1494,6,419,0.28045515394912984,0.2793333333333333,0.2833333333333333,30,30,0
0.5,0.8,0.6,dataset_condition,hotpotqa|stale,0.9943630214205186,0.9698386647261016,1500,1489,11,882,0.5923438549361988,0.588,0.5953333333333334,13,14,-1
0.5,0.8,0.6,dataset_condition,hotpotqa|contradictory,0.9785276073619632,0.9698386647261016,1500,1488,12,319,0.21438172043010753,0.21266666666666667,0.22066666666666668,34,34,0
0.5,0.8,0.6,dataset_condition,fever|clean,0.9879518072289156,0.9698386647261016,1500,1439,61,82,0.05698401667824878,0.05466666666666667,0.09533333333333334,42,41,1
0.5,0.8,0.6,dataset_condition,fever|missing,1.0,0.9698386647261016,1500,1473,27,137,0.09300746775288526,0.09133333333333334,0.10933333333333334,38,38,0
0.5,0.8,0.6,dataset_condition,fever|partial,0.9922480620155039,0.9698386647261016,1500,1404,96,128,0.09116809116809117,0.08533333333333333,0.14933333333333335,39,39,0
0.5,0.8,0.6,dataset_condition,fever|noisy,1.0,0.9698386647261016,1500,1415,85,81,0.05724381625441696,0.054,0.11066666666666666,41,42,-1
0.5,0.8,0.6,dataset_condition,fever|stale,0.9865671641791045,0.9698386647261016,1500,1461,39,661,0.45242984257357977,0.44066666666666665,0.4666666666666667,24,24,0
0.5,0.8,0.6,dataset_condition,fever|contradictory,0.984375,0.9698386647261016,1500,1419,81,126,0.08879492600422834,0.084,0.138,40,40,0
0.5,0.8,0.6,dataset_condition,pubmedqa|clean,0.9198198198198199,0.9698386647261016,3000,2899,101,1021,0.3521904104863746,0.3403333333333333,0.374,27,26,1
0.5,0.8,0.6,dataset_condition,pubmedqa|missing,0.8503086419753086,0.9698386647261016,3000,2990,10,551,0.1842809364548495,0.18366666666666667,0.187,35,35,0
0.5,0.8,0.6,dataset_condition,pubmedqa|partial,0.8699664429530202,0.9698386647261016,3000,2910,90,1037,0.3563573883161512,0.3456666666666667,0.37566666666666665,26,25,1
0.5,0.8,0.6,dataset_condition,pubmedqa|noisy,0.8742081447963801,0.9698386647261016,3000,2913,87,966,0.33161688980432547,0.322,0.351,28,27,1
0.5,0.8,0.6,dataset_condition,pubmedqa|stale,0.9782978723404255,0.9698386647261016,3000,2948,52,2299,0.7798507462686567,0.7663333333333333,0.7836666666666666,4,4,0
0.5,0.8,0.6,dataset_condition,pubmedqa|contradictory,0.8780487804878049,0.9698386647261016,3000,2912,88,864,0.2967032967032967,0.288,0.31733333333333336,29,29,0
0.5,0.8,0.6,dataset_condition,cuad|clean,0.9865771812080537,0.9698386647261016,1500,1425,75,147,0.1031578947368421,0.098,0.148,37,37,0
0.5,0.8,0.6,dataset_condition,cuad|missing,1.0,0.9698386647261016,1500,1449,51,1346,0.9289164941338854,0.8973333333333333,0.9313333333333333,1,1,0
0.5,0.8,0.6,dataset_condition,cuad|partial,0.9927927927927928,0.9698386647261016,1500,1483,17,551,0.3715441672285907,0.36733333333333335,0.37866666666666665,25,28,-3
0.5,0.8,0.6,dataset_condition,cuad|noisy,0.9896907216494846,0.9698386647261016,1500,1450,50,384,0.26482758620689656,0.256,0.28933333333333333,31,31,0
0.5,0.8,0.6,dataset_condition,cuad|stale,0.9952755905511811,0.9698386647261016,1500,1436,64,1264,0.8802228412256268,0.8426666666666667,0.8853333333333333,2,2,0
0.5,0.8,0.6,dataset_condition,cuad|contradictory,1.0,0.9698386647261016,1500,1444,56,182,0.1260387811634349,0.12133333333333333,0.15866666666666668,36,36,0
0.5,0.8,0.6,dataset_condition,casehold|clean,0.9867695700110254,0.9698386647261016,1500,1442,58,895,0.6206657420249653,0.5966666666666667,0.6353333333333333,10,11,-1
0.5,0.8,0.6,dataset_condition,casehold|missing,0.9311087190527448,0.9698386647261016,1500,1443,57,865,0.5994455994455995,0.5766666666666667,0.6146666666666667,12,10,2
0.5,0.8,0.6,dataset_condition,casehold|partial,0.95372460496614,0.9698386647261016,1500,1434,66,845,0.5892608089260809,0.5633333333333334,0.6073333333333333,14,13,1
0.5,0.8,0.6,dataset_condition,casehold|noisy,0.9837310195227765,0.9698386647261016,1500,1478,22,907,0.6136671177266576,0.6046666666666667,0.6193333333333333,11,12,-1
0.5,0.8,0.6,dataset_condition,casehold|stale,0.9956178790534619,0.9698386647261016,1500,1488,12,1136,0.7634408602150538,0.7573333333333333,0.7653333333333333,5,5,0
0.5,0.8,0.6,dataset_condition,casehold|contradictory,0.9939148073022313,0.9698386647261016,1500,1465,35,980,0.6689419795221843,0.6533333333333333,0.6766666666666666,9,9,0
0.5,0.8,0.6,dataset_condition,finqa|clean,1.0,0.9698386647261016,1500,1484,16,1122,0.7560646900269542,0.748,0.7586666666666667,6,6,0
0.5,0.8,0.6,dataset_condition,finqa|missing,0.9861111111111112,0.9698386647261016,1500,1496,4,355,0.23729946524064172,0.23666666666666666,0.23933333333333334,33,33,0
0.5,0.8,0.6,dataset_condition,finqa|partial,0.9975490196078431,0.9698386647261016,1500,1492,8,814,0.5455764075067024,0.5426666666666666,0.548,18,18,0
0.5,0.8,0.6,dataset_condition,finqa|noisy,0.9950186799501868,0.9698386647261016,1500,1496,4,799,0.5340909090909091,0.5326666666666666,0.5353333333333333,19,19,0
0.5,0.8,0.6,dataset_condition,finqa|stale,0.996059889676911,0.9698386647261016,1500,1499,1,1264,0.8432288192128086,0.8426666666666667,0.8433333333333334,3,3,0
0.5,0.8,0.6,dataset_condition,finqa|contradictory,0.995,0.9698386647261016,1500,1484,16,995,0.6704851752021563,0.6633333333333333,0.674,8,8,0
0.5,0.8,0.6,dataset_condition,tatqa|clean,0.9988235294117647,0.9698386647261016,1500,1495,5,849,0.5678929765886288,0.566,0.5693333333333334,15,16,-1
0.5,0.8,0.6,dataset_condition,tatqa|missing,0.9760191846522782,0.9698386647261016,1500,1485,15,814,0.5481481481481482,0.5426666666666666,0.5526666666666666,17,17,0
0.5,0.8,0.6,dataset_condition,tatqa|partial,0.9859649122807017,0.9698386647261016,1500,1493,7,843,0.5646349631614199,0.562,0.5666666666666667,16,15,1
0.5,0.8,0.6,dataset_condition,tatqa|noisy,0.988950276243094,0.9698386647261016,1500,1486,14,716,0.48183041722745623,0.47733333333333333,0.4866666666666667,21,22,-1
0.5,0.8,0.6,dataset_condition,tatqa|stale,0.9812332439678284,0.9698386647261016,1500,1481,19,1098,0.7413909520594193,0.732,0.7446666666666667,7,7,0
0.5,0.8,0.6,dataset_condition,tatqa|contradictory,0.9888423988842399,0.9698386647261016,1500,1493,7,709,0.47488278633623576,0.4726666666666667,0.47733333333333333,23,23,0
0.6,0.6,0.4,model,qwen25_3b,0.9621669365523333,0.9543130707172198,12000,11709,291,6793,0.5801520198138185,0.5660833333333334,0.5903333333333334,1,1,0
0.6,0.6,0.4,model,qwen25_7b,0.9646765214052602,0.9543130707172198,12000,11920,80,5209,0.436996644295302,0.4340833333333333,0.44075,4,4,0
0.6,0.6,0.4,model,mistral_7b,0.9433923844430869,0.9543130707172198,12000,11492,508,4911,0.4273407587887226,0.40925,0.45158333333333334,5,5,0
0.6,0.6,0.4,model,phi35_mini,0.9458747212649503,0.9543130707172198,12000,11792,208,4933,0.4183344640434193,0.41108333333333336,0.42841666666666667,6,6,0
0.6,0.6,0.4,model,granite33_8b,0.9644916540212443,0.9543130707172198,12000,11887,113,6590,0.5543871456212669,0.5491666666666667,0.5585833333333333,2,2,0
0.6,0.6,0.4,model,falcon3_7b,0.9396631501017954,0.9543130707172198,12000,11616,384,5403,0.46513429752066116,0.45025,0.48225,3,3,0
0.6,0.6,0.4,condition,clean,0.9623903050564145,0.9543130707172198,12000,11667,333,4786,0.4102168509471158,0.3988333333333333,0.4265833333333333,4,4,0
0.6,0.6,0.4,condition,missing,0.9653323118176594,0.9543130707172198,12000,11828,172,5221,0.4414102130537707,0.4350833333333333,0.4494166666666667,3,3,0
0.6,0.6,0.4,condition,partial,0.8858024691358025,0.9543130707172198,12000,11698,302,5832,0.49854676012993676,0.486,0.5111666666666667,2,2,0
0.6,0.6,0.4,condition,noisy,0.956390977443609,0.9543130707172198,12000,11726,274,4655,0.396981067712775,0.3879166666666667,0.41075,5,5,0
0.6,0.6,0.4,condition,stale,0.9864038069340585,0.9543130707172198,12000,11799,201,8826,0.7480294940249174,0.7355,0.75225,1,1,0
0.6,0.6,0.4,condition,contradictory,0.9566275724717858,0.9543130707172198,12000,11698,302,4519,0.38630535134210975,0.3765833333333333,0.40175,6,6,0
0.6,0.6,0.4,dataset_condition,hotpotqa|clean,0.8480176211453745,0.9543130707172198,1500,1491,9,454,0.3044936284372904,0.30266666666666664,0.30866666666666664,31,32,-1
0.6,0.6,0.4,dataset_condition,hotpotqa|missing,0.9644171779141104,0.9543130707172198,1500,1492,8,815,0.5462466487935657,0.5433333333333333,0.5486666666666666,20,20,0
0.6,0.6,0.4,dataset_condition,hotpotqa|partial,0.9482535575679172,0.9543130707172198,1500,1497,3,773,0.5163660654642619,0.5153333333333333,0.5173333333333333,22,21,1
0.6,0.6,0.4,dataset_condition,hotpotqa|noisy,0.8313953488372093,0.9543130707172198,1500,1494,6,516,0.3453815261044177,0.344,0.348,29,30,-1
0.6,0.6,0.4,dataset_condition,hotpotqa|stale,0.973655323819978,0.9543130707172198,1500,1489,11,911,0.6118200134318335,0.6073333333333333,0.6146666666666667,15,14,1
0.6,0.6,0.4,dataset_condition,hotpotqa|contradictory,0.8316326530612245,0.9543130707172198,1500,1487,13,392,0.2636180228648285,0.2613333333333333,0.27,33,34,-1
0.6,0.6,0.4,dataset_condition,fever|clean,0.9880952380952381,0.9543130707172198,1500,1439,61,84,0.05837387074357193,0.056,0.09666666666666666,41,41,0
0.6,0.6,0.4,dataset_condition,fever|missing,0.9072847682119205,0.9543130707172198,1500,1473,27,151,0.10251188051595383,0.10066666666666667,0.11866666666666667,38,38,0
0.6,0.6,0.4,dataset_condition,fever|partial,0.9699248120300752,0.9543130707172198,1500,1395,105,133,0.0953405017921147,0.08866666666666667,0.15866666666666668,39,39,0
0.6,0.6,0.4,dataset_condition,fever|noisy,0.9878048780487805,0.9543130707172198,1500,1415,85,82,0.057950530035335686,0.05466666666666667,0.11133333333333334,42,42,0
0.6,0.6,0.4,dataset_condition,fever|stale,0.9911242603550295,0.9543130707172198,1500,1459,41,676,0.46333104866346814,0.45066666666666666,0.478,25,24,1
0.6,0.6,0.4,dataset_condition,fever|contradictory,0.9696969696969697,0.9543130707172198,1500,1418,82,132,0.0930888575458392,0.088,0.14266666666666666,40,40,0
0.6,0.6,0.4,dataset_condition,pubmedqa|clean,0.9901873327386262,0.9543130707172198,3000,2893,107,1121,0.38748703767715176,0.37366666666666665,0.4093333333333333,27,26,1
0.6,0.6,0.4,dataset_condition,pubmedqa|missing,0.9243937232524965,0.9543130707172198,3000,2990,10,701,0.23444816053511705,0.23366666666666666,0.237,35,35,0
0.6,0.6,0.4,dataset_condition,pubmedqa|partial,0.9683184402924452,0.9543130707172198,3000,2905,95,1231,0.42375215146299483,0.4103333333333333,0.442,26,25,1
0.6,0.6,0.4,dataset_condition,pubmedqa|noisy,0.9822222222222222,0.9543130707172198,3000,2907,93,1125,0.38699690402476783,0.375,0.406,28,27,1
0.6,0.6,0.4,dataset_condition,pubmedqa|stale,0.9953409572215163,0.9543130707172198,3000,2948,52,2361,0.8008819538670285,0.787,0.8043333333333333,4,4,0
0.6,0.6,0.4,dataset_condition,pubmedqa|contradictory,0.9869608826479438,0.9543130707172198,3000,2908,92,997,0.34284731774415406,0.3323333333333333,0.363,30,29,1
0.6,0.6,0.4,dataset_condition,cuad|clean,0.8277777777777777,0.9543130707172198,1500,1425,75,180,0.12631578947368421,0.12,0.17,37,37,0
0.6,0.6,0.4,dataset_condition,cuad|missing,0.9732465654374548,0.9543130707172198,1500,1449,51,1383,0.9544513457556936,0.922,0.956,1,1,0
0.6,0.6,0.4,dataset_condition,cuad|partial,0.5068493150684932,0.9543130707172198,1500,1483,17,1095,0.7383681726230613,0.73,0.7413333333333333,8,28,-20
0.6,0.6,0.4,dataset_condition,cuad|noisy,0.9440389294403893,0.9543130707172198,1500,1450,50,411,0.28344827586206894,0.274,0.30733333333333335,32,31,1
0.6,0.6,0.4,dataset_condition,cuad|stale,0.9650455927051672,0.9543130707172198,1500,1436,64,1316,0.9164345403899722,0.8773333333333333,0.92,2,2,0
0.6,0.6,0.4,dataset_condition,cuad|contradictory,0.896551724137931,0.9543130707172198,1500,1444,56,203,0.14058171745152354,0.13533333333333333,0.17266666666666666,36,36,0
0.6,0.6,0.4,dataset_condition,casehold|clean,0.9669509594882729,0.9543130707172198,1500,1442,58,938,0.6504854368932039,0.6253333333333333,0.664,12,11,1
0.6,0.6,0.4,dataset_condition,casehold|missing,0.9656964656964657,0.9543130707172198,1500,1443,57,962,0.6666666666666666,0.6413333333333333,0.6793333333333333,11,10,1
0.6,0.6,0.4,dataset_condition,casehold|partial,0.9683060109289617,0.9543130707172198,1500,1434,66,915,0.6380753138075314,0.61,0.654,14,13,1
0.6,0.6,0.4,dataset_condition,casehold|noisy,0.9634273772204807,0.9543130707172198,1500,1478,22,957,0.6474966170500677,0.638,0.6526666666666666,13,12,1
0.6,0.6,0.4,dataset_condition,casehold|stale,0.9760479041916168,0.9543130707172198,1500,1488,12,1169,0.7856182795698925,0.7793333333333333,0.7873333333333333,5,5,0
0.6,0.6,0.4,dataset_condition,casehold|contradictory,0.9554263565891473,0.9543130707172198,1500,1465,35,1032,0.7044368600682593,0.688,0.7113333333333334,9,9,0
0.6,0.6,0.4,dataset_condition,finqa|clean,1.0,0.9543130707172198,1500,1482,18,1122,0.757085020242915,0.748,0.76,7,6,1
0.6,0.6,0.4,dataset_condition,finqa|missing,0.9917355371900827,0.9543130707172198,1500,1496,4,363,0.2426470588235294,0.242,0.24466666666666667,34,33,1
0.6,0.6,0.4,dataset_condition,finqa|partial,0.9975550122249389,0.9543130707172198,1500,1492,8,818,0.5482573726541555,0.5453333333333333,0.5506666666666666,19,18,1
0.6,0.6,0.4,dataset_condition,finqa|noisy,0.9987562189054726,0.9543130707172198,1500,1496,4,804,0.5374331550802139,0.536,0.5386666666666666,21,19,2
0.6,0.6,0.4,dataset_condition,finqa|stale,1.0,0.9543130707172198,1500,1499,1,1269,0.8465643762508339,0.846,0.8466666666666667,3,3,0
0.6,0.6,0.4,dataset_condition,finqa|contradictory,1.0,0.9543130707172198,1500,1484,16,1000,0.6738544474393531,0.6666666666666666,0.6773333333333333,10,8,2
0.6,0.6,0.4,dataset_condition,tatqa|clean,0.9582863585118376,0.9543130707172198,1500,1495,5,887,0.5933110367892976,0.5913333333333334,0.5946666666666667,16,16,0
0.6,0.6,0.4,dataset_condition,tatqa|missing,0.9858156028368794,0.9543130707172198,1500,1485,15,846,0.5696969696969697,0.564,0.574,18,17,1
0.6,0.6,0.4,dataset_condition,tatqa|partial,0.986159169550173,0.9543130707172198,1500,1492,8,867,0.5810991957104558,0.578,0.5833333333333334,17,15,2
0.6,0.6,0.4,dataset_condition,tatqa|noisy,0.9526315789473684,0.9543130707172198,1500,1486,14,760,0.5114401076716016,0.5066666666666667,0.516,23,22,1
0.6,0.6,0.4,dataset_condition,tatqa|stale,0.9955516014234875,0.9543130707172198,1500,1480,20,1124,0.7594594594594595,0.7493333333333333,0.7626666666666667,6,7,-1
0.6,0.6,0.4,dataset_condition,tatqa|contradictory,0.9397116644823067,0.9543130707172198,1500,1492,8,763,0.5113941018766756,0.5086666666666667,0.514,24,23,1
0.6,0.6,0.5,model,qwen25_3b,0.9621669365523333,0.9543412731248891,12000,11709,291,6793,0.5801520198138185,0.5660833333333334,0.5903333333333334,1,1,0
0.6,0.6,0.5,model,qwen25_7b,0.9646765214052602,0.9543412731248891,12000,11920,80,5209,0.436996644295302,0.4340833333333333,0.44075,4,4,0
0.6,0.6,0.5,model,mistral_7b,0.9435845213849288,0.9543412731248891,12000,11492,508,4910,0.42725374173337977,0.4091666666666667,0.4515,5,5,0
0.6,0.6,0.5,model,phi35_mini,0.9458747212649503,0.9543412731248891,12000,11792,208,4933,0.4183344640434193,0.41108333333333336,0.42841666666666667,6,6,0
0.6,0.6,0.5,model,granite33_8b,0.9644916540212443,0.9543412731248891,12000,11887,113,6590,0.5543871456212669,0.5491666666666667,0.5585833333333333,2,2,0
0.6,0.6,0.5,model,falcon3_7b,0.9396631501017954,0.9543412731248891,12000,11616,384,5403,0.46513429752066116,0.45025,0.48225,3,3,0
0.6,0.6,0.5,condition,clean,0.9623903050564145,0.9543412731248891,12000,11667,333,4786,0.4102168509471158,0.3988333333333333,0.4265833333333333,4,4,0
0.6,0.6,0.5,condition,missing,0.9653323118176594,0.9543412731248891,12000,11828,172,5221,0.4414102130537707,0.4350833333333333,0.4494166666666667,3,3,0
0.6,0.6,0.5,condition,partial,0.8858024691358025,0.9543412731248891,12000,11698,302,5832,0.49854676012993676,0.486,0.5111666666666667,2,2,0
0.6,0.6,0.5,condition,noisy,0.9565964761495488,0.9543412731248891,12000,11726,274,4654,0.3968957871396896,0.3878333333333333,0.4106666666666667,5,5,0
0.6,0.6,0.5,condition,stale,0.9864038069340585,0.9543412731248891,12000,11799,201,8826,0.7480294940249174,0.7355,0.75225,1,1,0
0.6,0.6,0.5,condition,contradictory,0.9566275724717858,0.9543412731248891,12000,11698,302,4519,0.38630535134210975,0.3765833333333333,0.40175,6,6,0
0.6,0.6,0.5,dataset_condition,hotpotqa|clean,0.8480176211453745,0.9543412731248891,1500,1491,9,454,0.3044936284372904,0.30266666666666664,0.30866666666666664,31,32,-1
0.6,0.6,0.5,dataset_condition,hotpotqa|missing,0.9644171779141104,0.9543412731248891,1500,1492,8,815,0.5462466487935657,0.5433333333333333,0.5486666666666666,20,20,0
0.6,0.6,0.5,dataset_condition,hotpotqa|partial,0.9482535575679172,0.9543412731248891,1500,1497,3,773,0.5163660654642619,0.5153333333333333,0.5173333333333333,22,21,1
0.6,0.6,0.5,dataset_condition,hotpotqa|noisy,0.8330097087378641,0.9543412731248891,1500,1494,6,515,0.34471218206157966,0.3433333333333333,0.3473333333333333,29,30,-1
0.6,0.6,0.5,dataset_condition,hotpotqa|stale,0.973655323819978,0.9543412731248891,1500,1489,11,911,0.6118200134318335,0.6073333333333333,0.6146666666666667,15,14,1
0.6,0.6,0.5,dataset_condition,hotpotqa|contradictory,0.8316326530612245,0.9543412731248891,1500,1487,13,392,0.2636180228648285,0.2613333333333333,0.27,33,34,-1
0.6,0.6,0.5,dataset_condition,fever|clean,0.9880952380952381,0.9543412731248891,1500,1439,61,84,0.05837387074357193,0.056,0.09666666666666666,41,41,0
0.6,0.6,0.5,dataset_condition,fever|missing,0.9072847682119205,0.9543412731248891,1500,1473,27,151,0.10251188051595383,0.10066666666666667,0.11866666666666667,38,38,0
0.6,0.6,0.5,dataset_condition,fever|partial,0.9699248120300752,0.9543412731248891,1500,1395,105,133,0.0953405017921147,0.08866666666666667,0.15866666666666668,39,39,0
0.6,0.6,0.5,dataset_condition,fever|noisy,0.9878048780487805,0.9543412731248891,1500,1415,85,82,0.057950530035335686,0.05466666666666667,0.11133333333333334,42,42,0
0.6,0.6,0.5,dataset_condition,fever|stale,0.9911242603550295,0.9543412731248891,1500,1459,41,676,0.46333104866346814,0.45066666666666666,0.478,25,24,1
0.6,0.6,0.5,dataset_condition,fever|contradictory,0.9696969696969697,0.9543412731248891,1500,1418,82,132,0.0930888575458392,0.088,0.14266666666666666,40,40,0
0.6,0.6,0.5,dataset_condition,pubmedqa|clean,0.9901873327386262,0.9543412731248891,3000,2893,107,1121,0.38748703767715176,0.37366666666666665,0.4093333333333333,27,26,1
0.6,0.6,0.5,dataset_condition,pubmedqa|missing,0.9243937232524965,0.9543412731248891,3000,2990,10,701,0.23444816053511705,0.23366666666666666,0.237,35,35,0
0.6,0.6,0.5,dataset_condition,pubmedqa|partial,0.9683184402924452,0.9543412731248891,3000,2905,95,1231,0.42375215146299483,0.4103333333333333,0.442,26,25,1
0.6,0.6,0.5,dataset_condition,pubmedqa|noisy,0.9822222222222222,0.9543412731248891,3000,2907,93,1125,0.38699690402476783,0.375,0.406,28,27,1
0.6,0.6,0.5,dataset_condition,pubmedqa|stale,0.9953409572215163,0.9543412731248891,3000,2948,52,2361,0.8008819538670285,0.787,0.8043333333333333,4,4,0
0.6,0.6,0.5,dataset_condition,pubmedqa|contradictory,0.9869608826479438,0.9543412731248891,3000,2908,92,997,0.34284731774415406,0.3323333333333333,0.363,30,29,1
0.6,0.6,0.5,dataset_condition,cuad|clean,0.8277777777777777,0.9543412731248891,1500,1425,75,180,0.12631578947368421,0.12,0.17,37,37,0
0.6,0.6,0.5,dataset_condition,cuad|missing,0.9732465654374548,0.9543412731248891,1500,1449,51,1383,0.9544513457556936,0.922,0.956,1,1,0
0.6,0.6,0.5,dataset_condition,cuad|partial,0.5068493150684932,0.9543412731248891,1500,1483,17,1095,0.7383681726230613,0.73,0.7413333333333333,8,28,-20
0.6,0.6,0.5,dataset_condition,cuad|noisy,0.9440389294403893,0.9543412731248891,1500,1450,50,411,0.28344827586206894,0.274,0.30733333333333335,32,31,1
0.6,0.6,0.5,dataset_condition,cuad|stale,0.9650455927051672,0.9543412731248891,1500,1436,64,1316,0.9164345403899722,0.8773333333333333,0.92,2,2,0
0.6,0.6,0.5,dataset_condition,cuad|contradictory,0.896551724137931,0.9543412731248891,1500,1444,56,203,0.14058171745152354,0.13533333333333333,0.17266666666666666,36,36,0
0.6,0.6,0.5,dataset_condition,casehold|clean,0.9669509594882729,0.9543412731248891,1500,1442,58,938,0.6504854368932039,0.6253333333333333,0.664,12,11,1
0.6,0.6,0.5,dataset_condition,casehold|missing,0.9656964656964657,0.9543412731248891,1500,1443,57,962,0.6666666666666666,0.6413333333333333,0.6793333333333333,11,10,1
0.6,0.6,0.5,dataset_condition,casehold|partial,0.9683060109289617,0.9543412731248891,1500,1434,66,915,0.6380753138075314,0.61,0.654,14,13,1
0.6,0.6,0.5,dataset_condition,casehold|noisy,0.9634273772204807,0.9543412731248891,1500,1478,22,957,0.6474966170500677,0.638,0.6526666666666666,13,12,1
0.6,0.6,0.5,dataset_condition,casehold|stale,0.9760479041916168,0.9543412731248891,1500,1488,12,1169,0.7856182795698925,0.7793333333333333,0.7873333333333333,5,5,0
0.6,0.6,0.5,dataset_condition,casehold|contradictory,0.9554263565891473,0.9543412731248891,1500,1465,35,1032,0.7044368600682593,0.688,0.7113333333333334,9,9,0
0.6,0.6,0.5,dataset_condition,finqa|clean,1.0,0.9543412731248891,1500,1482,18,1122,0.757085020242915,0.748,0.76,7,6,1
0.6,0.6,0.5,dataset_condition,finqa|missing,0.9917355371900827,0.9543412731248891,1500,1496,4,363,0.2426470588235294,0.242,0.24466666666666667,34,33,1
0.6,0.6,0.5,dataset_condition,finqa|partial,0.9975550122249389,0.9543412731248891,1500,1492,8,818,0.5482573726541555,0.5453333333333333,0.5506666666666666,19,18,1
0.6,0.6,0.5,dataset_condition,finqa|noisy,0.9987562189054726,0.9543412731248891,1500,1496,4,804,0.5374331550802139,0.536,0.5386666666666666,21,19,2
0.6,0.6,0.5,dataset_condition,finqa|stale,1.0,0.9543412731248891,1500,1499,1,1269,0.8465643762508339,0.846,0.8466666666666667,3,3,0
0.6,0.6,0.5,dataset_condition,finqa|contradictory,1.0,0.9543412731248891,1500,1484,16,1000,0.6738544474393531,0.6666666666666666,0.6773333333333333,10,8,2
0.6,0.6,0.5,dataset_condition,tatqa|clean,0.9582863585118376,0.9543412731248891,1500,1495,5,887,0.5933110367892976,0.5913333333333334,0.5946666666666667,16,16,0
0.6,0.6,0.5,dataset_condition,tatqa|missing,0.9858156028368794,0.9543412731248891,1500,1485,15,846,0.5696969696969697,0.564,0.574,18,17,1
0.6,0.6,0.5,dataset_condition,tatqa|partial,0.986159169550173,0.9543412731248891,1500,1492,8,867,0.5810991957104558,0.578,0.5833333333333334,17,15,2
0.6,0.6,0.5,dataset_condition,tatqa|noisy,0.9526315789473684,0.9543412731248891,1500,1486,14,760,0.5114401076716016,0.5066666666666667,0.516,23,22,1
0.6,0.6,0.5,dataset_condition,tatqa|stale,0.9955516014234875,0.9543412731248891,1500,1480,20,1124,0.7594594594594595,0.7493333333333333,0.7626666666666667,6,7,-1
0.6,0.6,0.5,dataset_condition,tatqa|contradictory,0.9397116644823067,0.9543412731248891,1500,1492,8,763,0.5113941018766756,0.5086666666666667,0.514,24,23,1
0.6,0.6,0.6,model,qwen25_3b,0.9615780950978949,0.9481122313218816,12000,11709,291,6789,0.5798104022546758,0.56575,0.59,1,1,0
0.6,0.6,0.6,model,qwen25_7b,0.9616049145709349,0.9481122313218816,12000,11921,79,5193,0.4356178172972066,0.43275,0.43933333333333335,4,4,0
0.6,0.6,0.6,model,mistral_7b,0.9345699143905422,0.9481122313218816,12000,11492,508,4858,0.4227288548555517,0.4048333333333333,0.44716666666666666,5,5,0
0.6,0.6,0.6,model,phi35_mini,0.9352941176470588,0.9481122313218816,12000,11792,208,4875,0.41341587516960654,0.40625,0.4235833333333333,6,6,0
0.6,0.6,0.6,model,granite33_8b,0.9617253948967193,0.9481122313218816,12000,11888,112,6560,0.5518169582772544,0.5466666666666666,0.556,2,2,0
0.6,0.6,0.6,model,falcon3_7b,0.9255693390112942,0.9481122313218816,12000,11623,377,5323,0.4579712638733546,0.44358333333333333,0.475,3,3,0
0.6,0.6,0.6,condition,clean,0.9531870428422152,0.9481122313218816,12000,11671,329,4740,0.40613486419329964,0.395,0.42241666666666666,4,4,0
0.6,0.6,0.6,condition,missing,0.9628281279938685,0.9481122313218816,12000,11828,172,5204,0.43997294555292527,0.43366666666666664,0.448,3,3,0
0.6,0.6,0.6,condition,partial,0.8856310013717421,0.9481122313218816,12000,11698,302,5831,0.4984612754316977,0.48591666666666666,0.5110833333333333,2,2,0
0.6,0.6,0.6,condition,noisy,0.9371772805507745,0.9481122313218816,12000,11729,271,4552,0.3880978770568676,0.37933333333333336,0.40191666666666664,5,5,0
0.6,0.6,0.6,condition,stale,0.9843608340888486,0.9481122313218816,12000,11799,201,8804,0.7461649292312907,0.7336666666666667,0.7504166666666666,1,1,0
0.6,0.6,0.6,condition,contradictory,0.946843853820598,0.9481122313218816,12000,11700,300,4467,0.3817948717948718,0.37225,0.39725,6,6,0
0.6,0.6,0.6,dataset_condition,hotpotqa|clean,0.8322295805739515,0.9481122313218816,1500,1491,9,445,0.29845741113346747,0.2966666666666667,0.30266666666666664,31,32,-1
0.6,0.6,0.6,dataset_condition,hotpotqa|missing,0.961916461916462,0.9481122313218816,1500,1492,8,811,0.5435656836461126,0.5406666666666666,0.546,20,20,0
0.6,0.6,0.6,dataset_condition,hotpotqa|partial,0.9482535575679172,0.9481122313218816,1500,1497,3,773,0.5163660654642619,0.5153333333333333,0.5173333333333333,22,21,1
0.6,0.6,0.6,dataset_condition,hotpotqa|noisy,0.818359375,0.9481122313218816,1500,1494,6,502,0.3360107095046854,0.33466666666666667,0.33866666666666667,29,30,-1
0.6,0.6,0.6,dataset_condition,hotpotqa|stale,0.969264544456641,0.9481122313218816,1500,1489,11,907,0.6091336467427804,0.6046666666666667,0.612,15,14,1
0.6,0.6,0.6,dataset_condition,hotpotqa|contradictory,0.823076923076923,0.9481122313218816,1500,1487,13,385,0.2589105581708137,0.25666666666666665,0.2653333333333333,33,34,-1
0.6,0.6,0.6,dataset_condition,fever|clean,0.9880952380952381,0.9481122313218816,1500,1439,61,84,0.05837387074357193,0.056,0.09666666666666666,41,41,0
0.6,0.6,0.6,dataset_condition,fever|missing,0.9072847682119205,0.9481122313218816,1500,1473,27,151,0.10251188051595383,0.10066666666666667,0.11866666666666667,38,38,0
0.6,0.6,0.6,dataset_condition,fever|partial,0.9699248120300752,0.9481122313218816,1500,1395,105,133,0.0953405017921147,0.08866666666666667,0.15866666666666668,39,39,0
0.6,0.6,0.6,dataset_condition,fever|noisy,0.9878048780487805,0.9481122313218816,1500,1415,85,82,0.057950530035335686,0.05466666666666667,0.11133333333333334,42,42,0
0.6,0.6,0.6,dataset_condition,fever|stale,0.9911242603550295,0.9481122313218816,1500,1459,41,676,0.46333104866346814,0.45066666666666666,0.478,25,24,1
0.6,0.6,0.6,dataset_condition,fever|contradictory,0.9696969696969697,0.9481122313218816,1500,1418,82,132,0.0930888575458392,0.088,0.14266666666666666,40,40,0
0.6,0.6,0.6,dataset_condition,pubmedqa|clean,0.9580731489741302,0.9481122313218816,3000,2897,103,1085,0.37452537107352435,0.3616666666666667,0.396,27,26,1
0.6,0.6,0.6,dataset_condition,pubmedqa|missing,0.9228571428571428,0.9481122313218816,3000,2990,10,698,0.2334448160535117,0.23266666666666666,0.236,35,35,0
0.6,0.6,0.6,dataset_condition,pubmedqa|partial,0.9683184402924452,0.9481122313218816,3000,2905,95,1231,0.42375215146299483,0.4103333333333333,0.442,26,25,1
0.6,0.6,0.6,dataset_condition,pubmedqa|noisy,0.9188948306595366,0.9481122313218816,3000,2910,90,1048,0.36013745704467354,0.34933333333333333,0.37933333333333336,28,27,1
0.6,0.6,0.6,dataset_condition,pubmedqa|stale,0.9949174078780177,0.9481122313218816,3000,2948,52,2360,0.8005427408412483,0.7866666666666666,0.804,4,4,0
0.6,0.6,0.6,dataset_condition,pubmedqa|contradictory,0.9508032128514057,0.9481122313218816,3000,2910,90,959,0.329553264604811,0.31966666666666665,0.3496666666666667,30,29,1
0.6,0.6,0.6,dataset_condition,cuad|clean,0.8277777777777777,0.9481122313218816,1500,1425,75,180,0.12631578947368421,0.12,0.17,37,37,0
0.6,0.6,0.6,dataset_condition,cuad|missing,0.9732465654374548,0.9481122313218816,1500,1449,51,1383,0.9544513457556936,0.922,0.956,1,1,0
0.6,0.6,0.6,dataset_condition,cuad|partial,0.5068493150684932,0.9481122313218816,1500,1483,17,1095,0.7383681726230613,0.73,0.7413333333333333,8,28,-20
0.6,0.6,0.6,dataset_condition,cuad|noisy,0.9367396593673966,0.9481122313218816,1500,1450,50,408,0.2813793103448276,0.272,0.30533333333333335,32,31,1
0.6,0.6,0.6,dataset_condition,cuad|stale,0.9634703196347032,0.9481122313218816,1500,1436,64,1310,0.9122562674094707,0.8733333333333333,0.916,2,2,0
0.6,0.6,0.6,dataset_condition,cuad|contradictory,0.896551724137931,0.9481122313218816,1500,1444,56,203,0.14058171745152354,0.13533333333333333,0.17266666666666666,36,36,0
0.6,0.6,0.6,dataset_condition,casehold|clean,0.9669509594882729,0.9481122313218816,1500,1442,58,938,0.6504854368932039,0.6253333333333333,0.664,12,11,1
0.6,0.6,0.6,dataset_condition,casehold|missing,0.9656964656964657,0.9481122313218816,1500,1443,57,962,0.6666666666666666,0.6413333333333333,0.6793333333333333,11,10,1
0.6,0.6,0.6,dataset_condition,casehold|partial,0.9683060109289617,0.9481122313218816,1500,1434,66,915,0.6380753138075314,0.61,0.654,14,13,1
0.6,0.6,0.6,dataset_condition,casehold|noisy,0.9634273772204807,0.9481122313218816,1500,1478,22,957,0.6474966170500677,0.638,0.6526666666666666,13,12,1
0.6,0.6,0.6,dataset_condition,casehold|stale,0.9743370402053037,0.9481122313218816,1500,1488,12,1167,0.7842741935483871,0.778,0.786,5,5,0
0.6,0.6,0.6,dataset_condition,casehold|contradictory,0.9554263565891473,0.9481122313218816,1500,1465,35,1032,0.7044368600682593,0.688,0.7113333333333334,9,9,0
0.6,0.6,0.6,dataset_condition,finqa|clean,1.0,0.9481122313218816,1500,1482,18,1122,0.757085020242915,0.748,0.76,6,6,0
0.6,0.6,0.6,dataset_condition,finqa|missing,0.9862258953168044,0.9481122313218816,1500,1496,4,361,0.24131016042780748,0.24066666666666667,0.24333333333333335,34,33,1
0.6,0.6,0.6,dataset_condition,finqa|partial,0.9975550122249389,0.9481122313218816,1500,1492,8,818,0.5482573726541555,0.5453333333333333,0.5506666666666666,19,18,1
0.6,0.6,0.6,dataset_condition,finqa|noisy,0.996268656716418,0.9481122313218816,1500,1496,4,802,0.536096256684492,0.5346666666666666,0.5373333333333333,21,19,2
0.6,0.6,0.6,dataset_condition,finqa|stale,0.9976359338061466,0.9481122313218816,1500,1499,1,1266,0.8445630420280187,0.844,0.8446666666666667,3,3,0
0.6,0.6,0.6,dataset_condition,finqa|contradictory,1.0,0.9481122313218816,1500,1484,16,1000,0.6738544474393531,0.6666666666666666,0.6773333333333333,10,8,2
0.6,0.6,0.6,dataset_condition,tatqa|clean,0.9571589627959414,0.9481122313218816,1500,1495,5,886,0.5926421404682274,0.5906666666666667,0.594,16,16,0
0.6,0.6,0.6,dataset_condition,tatqa|missing,0.9763593380614657,0.9481122313218816,1500,1485,15,838,0.5643097643097643,0.5586666666666666,0.5686666666666667,18,17,1
0.6,0.6,0.6,dataset_condition,tatqa|partial,0.9850057670126874,0.9481122313218816,1500,1492,8,866,0.5804289544235925,0.5773333333333334,0.5826666666666667,17,15,2
0.6,0.6,0.6,dataset_condition,tatqa|noisy,0.9434210526315789,0.9481122313218816,1500,1486,14,753,0.5067294751009421,0.502,0.5113333333333333,23,22,1
0.6,0.6,0.6,dataset_condition,tatqa|stale,0.9902135231316725,0.9481122313218816,1500,1480,20,1118,0.7554054054054054,0.7453333333333333,0.7586666666666667,7,7,0
0.6,0.6,0.6,dataset_condition,tatqa|contradictory,0.9330708661417323,0.9481122313218816,1500,1492,8,756,0.5067024128686327,0.504,0.5093333333333333,24,23,1
0.6,0.7,0.4,model,qwen25_3b,0.9687268415592115,0.9609010027672806,12000,11717,283,6747,0.5758299906119314,0.56225,0.5858333333333333,1,1,0
0.6,0.7,0.4,model,qwen25_7b,0.9659746251441753,0.9609010027672806,12000,11921,79,5202,0.4363727875178257,0.4335,0.4400833333333333,4,4,0
0.6,0.7,0.4,model,mistral_7b,0.9614027806598879,0.9609010027672806,12000,11492,508,4819,0.41933518969718064,0.40158333333333335,0.4439166666666667,5,5,0
0.6,0.7,0.4,model,phi35_mini,0.9460665044606651,0.9609010027672806,12000,11792,208,4932,0.41824966078697423,0.411,0.42833333333333334,6,6,0
0.6,0.7,0.4,model,granite33_8b,0.9680170575692963,0.9609010027672806,12000,11887,113,6566,0.5523681332548162,0.5471666666666667,0.5565833333333333,2,2,0
0.6,0.7,0.4,model,falcon3_7b,0.9505710541097173,0.9609010027672806,12000,11618,382,5341,0.4597176794629024,0.44508333333333333,0.47691666666666666,3,3,0
0.6,0.7,0.4,condition,clean,0.9658209268190396,0.9609010027672806,12000,11670,330,4769,0.40865467009425877,0.39741666666666664,0.42491666666666666,4,4,0
0.6,0.7,0.4,condition,missing,0.9811173836869769,0.9609010027672806,12000,11828,172,5137,0.434308420696652,0.4280833333333333,0.4424166666666667,3,3,0
0.6,0.7,0.4,condition,partial,0.8960971379011274,0.9609010027672806,12000,11703,297,5765,0.49260873280355466,0.48041666666666666,0.5051666666666667,2,2,0
0.6,0.7,0.4,condition,noisy,0.9613474411574174,0.9609010027672806,12000,11726,274,4631,0.3949343339587242,0.3859166666666667,0.40875,5,5,0
0.6,0.7,0.4,condition,stale,0.9888686960472512,0.9609010027672806,12000,11800,200,8804,0.7461016949152542,0.7336666666666667,0.7503333333333333,1,1,0
0.6,0.7,0.4,condition,contradictory,0.9604532326149744,0.9609010027672806,12000,11700,300,4501,0.3847008547008547,0.3750833333333333,0.40008333333333335,6,6,0
0.6,0.7,0.4,dataset_condition,hotpotqa|clean,0.8480176211453745,0.9609010027672806,1500,1491,9,454,0.3044936284372904,0.30266666666666664,0.30866666666666664,31,32,-1
0.6,0.7,0.4,dataset_condition,hotpotqa|missing,0.9644171779141104,0.9609010027672806,1500,1492,8,815,0.5462466487935657,0.5433333333333333,0.5486666666666666,20,20,0
0.6,0.7,0.4,dataset_condition,hotpotqa|partial,0.9507133592736705,0.9609010027672806,1500,1497,3,771,0.5150300601202404,0.514,0.516,22,21,1
0.6,0.7,0.4,dataset_condition,hotpotqa|noisy,0.8313953488372093,0.9609010027672806,1500,1494,6,516,0.3453815261044177,0.344,0.348,29,30,-1
0.6,0.7,0.4,dataset_condition,hotpotqa|stale,0.973655323819978,0.9609010027672806,1500,1489,11,911,0.6118200134318335,0.6073333333333333,0.6146666666666667,15,14,1
0.6,0.7,0.4,dataset_condition,hotpotqa|contradictory,0.8316326530612245,0.9609010027672806,1500,1488,12,392,0.26344086021505375,0.2613333333333333,0.2693333333333333,33,34,-1
0.6,0.7,0.4,dataset_condition,fever|clean,1.0,0.9609010027672806,1500,1439,61,83,0.057678943710910355,0.05533333333333333,0.096,41,41,0
0.6,0.7,0.4,dataset_condition,fever|missing,1.0,0.9609010027672806,1500,1473,27,137,0.09300746775288526,0.09133333333333334,0.10933333333333334,38,38,0
0.6,0.7,0.4,dataset_condition,fever|partial,1.0,0.9609010027672806,1500,1399,101,129,0.09220872051465333,0.086,0.15333333333333332,39,39,0
0.6,0.7,0.4,dataset_condition,fever|noisy,1.0,0.9609010027672806,1500,1415,85,81,0.05724381625441696,0.054,0.11066666666666666,42,42,0
0.6,0.7,0.4,dataset_condition,fever|stale,1.0,0.9609010027672806,1500,1459,41,670,0.4592186429061001,0.44666666666666666,0.474,25,24,1
0.6,0.7,0.4,dataset_condition,fever|contradictory,1.0,0.9609010027672806,1500,1418,82,128,0.09026798307475317,0.08533333333333333,0.14,40,40,0
0.6,0.7,0.4,dataset_condition,pubmedqa|clean,1.0,0.9609010027672806,3000,2894,106,1110,0.3835521769177609,0.37,0.4053333333333333,27,26,1
0.6,0.7,0.4,dataset_condition,pubmedqa|missing,1.0,0.9609010027672806,3000,2990,10,648,0.21672240802675585,0.216,0.21933333333333332,35,35,0
0.6,0.7,0.4,dataset_condition,pubmedqa|partial,1.0,0.9609010027672806,3000,2905,95,1192,0.4103270223752151,0.3973333333333333,0.429,26,25,1
0.6,0.7,0.4,dataset_condition,pubmedqa|noisy,1.0,0.9609010027672806,3000,2907,93,1105,0.38011695906432746,0.36833333333333335,0.3993333333333333,28,27,1
0.6,0.7,0.4,dataset_condition,pubmedqa|stale,1.0,0.9609010027672806,3000,2948,52,2350,0.7971506105834464,0.7833333333333333,0.8006666666666666,4,4,0
0.6,0.7,0.4,dataset_condition,pubmedqa|contradictory,1.0,0.9609010027672806,3000,2908,92,984,0.33837689133425036,0.328,0.3586666666666667,30,29,1
0.6,0.7,0.4,dataset_condition,cuad|clean,0.8277777777777777,0.9609010027672806,1500,1425,75,180,0.12631578947368421,0.12,0.17,37,37,0
0.6,0.7,0.4,dataset_condition,cuad|missing,0.9732465654374548,0.9609010027672806,1500,1449,51,1383,0.9544513457556936,0.922,0.956,1,1,0
0.6,0.7,0.4,dataset_condition,cuad|partial,0.511049723756906,0.9609010027672806,1500,1483,17,1086,0.73229939312205,0.724,0.7353333333333333,8,28,-20
0.6,0.7,0.4,dataset_condition,cuad|noisy,0.9440389294403893,0.9609010027672806,1500,1450,50,411,0.28344827586206894,0.274,0.30733333333333335,32,31,1
0.6,0.7,0.4,dataset_condition,cuad|stale,0.9672505712109672,0.9609010027672806,1500,1436,64,1313,0.9143454038997214,0.8753333333333333,0.918,2,2,0
0.6,0.7,0.4,dataset_condition,cuad|contradictory,0.900990099009901,0.9609010027672806,1500,1444,56,202,0.13988919667590027,0.13466666666666666,0.172,36,36,0
0.6,0.7,0.4,dataset_condition,casehold|clean,0.9721329046087889,0.9609010027672806,1500,1442,58,933,0.6470180305131762,0.622,0.6606666666666666,12,11,1
0.6,0.7,0.4,dataset_condition,casehold|missing,0.974816369359916,0.9609010027672806,1500,1443,57,953,0.6604296604296604,0.6353333333333333,0.6733333333333333,11,10,1
0.6,0.7,0.4,dataset_condition,casehold|partial,0.9746974697469747,0.9609010027672806,1500,1434,66,909,0.6338912133891214,0.606,0.65,14,13,1
0.6,0.7,0.4,dataset_condition,casehold|noisy,0.9654450261780104,0.9609010027672806,1500,1478,22,955,0.6461434370771313,0.6366666666666667,0.6513333333333333,13,12,1
0.6,0.7,0.4,dataset_condition,casehold|stale,0.9760479041916168,0.9609010027672806,1500,1488,12,1169,0.7856182795698925,0.7793333333333333,0.7873333333333333,5,5,0
0.6,0.7,0.4,dataset_condition,casehold|contradictory,0.9554263565891473,0.9609010027672806,1500,1465,35,1032,0.7044368600682593,0.688,0.7113333333333334,9,9,0
0.6,0.7,0.4,dataset_condition,finqa|clean,1.0,0.9609010027672806,1500,1484,16,1122,0.7560646900269542,0.748,0.7586666666666667,7,6,1
0.6,0.7,0.4,dataset_condition,finqa|missing,1.0,0.9609010027672806,1500,1496,4,360,0.24064171122994651,0.24,0.24266666666666667,34,33,1
0.6,0.7,0.4,dataset_condition,finqa|partial,1.0,0.9609010027672806,1500,1492,8,816,0.546916890080429,0.544,0.5493333333333333,19,18,1
0.6,0.7,0.4,dataset_condition,finqa|noisy,1.0,0.9609010027672806,1500,1496,4,803,0.5367647058823529,0.5353333333333333,0.538,21,19,2
0.6,0.7,0.4,dataset_condition,finqa|stale,1.0,0.9609010027672806,1500,1499,1,1269,0.8465643762508339,0.846,0.8466666666666667,3,3,0
0.6,0.7,0.4,dataset_condition,finqa|contradictory,1.0,0.9609010027672806,1500,1484,16,1000,0.6738544474393531,0.6666666666666666,0.6773333333333333,10,8,2
0.6,0.7,0.4,dataset_condition,tatqa|clean,0.9582863585118376,0.9609010027672806,1500,1495,5,887,0.5933110367892976,0.5913333333333334,0.5946666666666667,16,16,0
0.6,0.7,0.4,dataset_condition,tatqa|missing,0.9916765755053508,0.9609010027672806,1500,1485,15,841,0.5663299663299664,0.5606666666666666,0.5706666666666667,18,17,1
0.6,0.7,0.4,dataset_condition,tatqa|partial,0.9918793503480279,0.9609010027672806,1500,1493,7,862,0.5773610180843939,0.5746666666666667,0.5793333333333334,17,15,2
0.6,0.7,0.4,dataset_condition,tatqa|noisy,0.9526315789473684,0.9609010027672806,1500,1486,14,760,0.5114401076716016,0.5066666666666667,0.516,23,22,1
0.6,0.7,0.4,dataset_condition,tatqa|stale,0.9973262032085561,0.9609010027672806,1500,1481,19,1122,0.7575962187711006,0.748,0.7606666666666667,6,7,-1
0.6,0.7,0.4,dataset_condition,tatqa|contradictory,0.9397116644823067,0.9609010027672806,1500,1493,7,763,0.5110515740120563,0.5086666666666667,0.5133333333333333,24,23,1
0.6,0.7,0.5,model,qwen25_3b,0.9687268415592115,0.9609295959054931,12000,11717,283,6747,0.5758299906119314,0.56225,0.5858333333333333,1,1,0
0.6,0.7,0.5,model,qwen25_7b,0.9659746251441753,0.9609295959054931,12000,11921,79,5202,0.4363727875178257,0.4335,0.4400833333333333,4,4,0
0.6,0.7,0.5,model,mistral_7b,0.9616023246160232,0.9609295959054931,12000,11492,508,4818,0.4192481726418378,0.4015,0.44383333333333336,5,5,0
0.6,0.7,0.5,model,phi35_mini,0.9460665044606651,0.9609295959054931,12000,11792,208,4932,0.41824966078697423,0.411,0.42833333333333334,6,6,0
0.6,0.7,0.5,model,granite33_8b,0.9680170575692963,0.9609295959054931,12000,11887,113,6566,0.5523681332548162,0.5471666666666667,0.5565833333333333,2,2,0
0.6,0.7,0.5,model,falcon3_7b,0.9505710541097173,0.9609295959054931,12000,11618,382,5341,0.4597176794629024,0.44508333333333333,0.47691666666666666,3,3,0
0.6,0.7,0.5,condition,clean,0.9658209268190396,0.9609295959054931,12000,11670,330,4769,0.40865467009425877,0.39741666666666664,0.42491666666666666,4,4,0
0.6,0.7,0.5,condition,missing,0.9811173836869769,0.9609295959054931,12000,11828,172,5137,0.434308420696652,0.4280833333333333,0.4424166666666667,3,3,0
0.6,0.7,0.5,condition,partial,0.8960971379011274,0.9609295959054931,12000,11703,297,5765,0.49260873280355466,0.48041666666666666,0.5051666666666667,2,2,0
0.6,0.7,0.5,condition,noisy,0.9615550755939525,0.9609295959054931,12000,11726,274,4630,0.39484905338563875,0.3858333333333333,0.4086666666666667,5,5,0
0.6,0.7,0.5,condition,stale,0.9888686960472512,0.9609295959054931,12000,11800,200,8804,0.7461016949152542,0.7336666666666667,0.7503333333333333,1,1,0
0.6,0.7,0.5,condition,contradictory,0.9604532326149744,0.9609295959054931,12000,11700,300,4501,0.3847008547008547,0.3750833333333333,0.40008333333333335,6,6,0
0.6,0.7,0.5,dataset_condition,hotpotqa|clean,0.8480176211453745,0.9609295959054931,1500,1491,9,454,0.3044936284372904,0.30266666666666664,0.30866666666666664,31,32,-1
0.6,0.7,0.5,dataset_condition,hotpotqa|missing,0.9644171779141104,0.9609295959054931,1500,1492,8,815,0.5462466487935657,0.5433333333333333,0.5486666666666666,20,20,0
0.6,0.7,0.5,dataset_condition,hotpotqa|partial,0.9507133592736705,0.9609295959054931,1500,1497,3,771,0.5150300601202404,0.514,0.516,22,21,1
0.6,0.7,0.5,dataset_condition,hotpotqa|noisy,0.8330097087378641,0.9609295959054931,1500,1494,6,515,0.34471218206157966,0.3433333333333333,0.3473333333333333,29,30,-1
0.6,0.7,0.5,dataset_condition,hotpotqa|stale,0.973655323819978,0.9609295959054931,1500,1489,11,911,0.6118200134318335,0.6073333333333333,0.6146666666666667,15,14,1
0.6,0.7,0.5,dataset_condition,hotpotqa|contradictory,0.8316326530612245,0.9609295959054931,1500,1488,12,392,0.26344086021505375,0.2613333333333333,0.2693333333333333,33,34,-1
0.6,0.7,0.5,dataset_condition,fever|clean,1.0,0.9609295959054931,1500,1439,61,83,0.057678943710910355,0.05533333333333333,0.096,41,41,0
0.6,0.7,0.5,dataset_condition,fever|missing,1.0,0.9609295959054931,1500,1473,27,137,0.09300746775288526,0.09133333333333334,0.10933333333333334,38,38,0
0.6,0.7,0.5,dataset_condition,fever|partial,1.0,0.9609295959054931,1500,1399,101,129,0.09220872051465333,0.086,0.15333333333333332,39,39,0
0.6,0.7,0.5,dataset_condition,fever|noisy,1.0,0.9609295959054931,1500,1415,85,81,0.05724381625441696,0.054,0.11066666666666666,42,42,0
0.6,0.7,0.5,dataset_condition,fever|stale,1.0,0.9609295959054931,1500,1459,41,670,0.4592186429061001,0.44666666666666666,0.474,25,24,1
0.6,0.7,0.5,dataset_condition,fever|contradictory,1.0,0.9609295959054931,1500,1418,82,128,0.09026798307475317,0.08533333333333333,0.14,40,40,0
0.6,0.7,0.5,dataset_condition,pubmedqa|clean,1.0,0.9609295959054931,3000,2894,106,1110,0.3835521769177609,0.37,0.4053333333333333,27,26,1
0.6,0.7,0.5,dataset_condition,pubmedqa|missing,1.0,0.9609295959054931,3000,2990,10,648,0.21672240802675585,0.216,0.21933333333333332,35,35,0
0.6,0.7,0.5,dataset_condition,pubmedqa|partial,1.0,0.9609295959054931,3000,2905,95,1192,0.4103270223752151,0.3973333333333333,0.429,26,25,1
0.6,0.7,0.5,dataset_condition,pubmedqa|noisy,1.0,0.9609295959054931,3000,2907,93,1105,0.38011695906432746,0.36833333333333335,0.3993333333333333,28,27,1
0.6,0.7,0.5,dataset_condition,pubmedqa|stale,1.0,0.9609295959054931,3000,2948,52,2350,0.7971506105834464,0.7833333333333333,0.8006666666666666,4,4,0
0.6,0.7,0.5,dataset_condition,pubmedqa|contradictory,1.0,0.9609295959054931,3000,2908,92,984,0.33837689133425036,0.328,0.3586666666666667,30,29,1
0.6,0.7,0.5,dataset_condition,cuad|clean,0.8277777777777777,0.9609295959054931,1500,1425,75,180,0.12631578947368421,0.12,0.17,37,37,0
0.6,0.7,0.5,dataset_condition,cuad|missing,0.9732465654374548,0.9609295959054931,1500,1449,51,1383,0.9544513457556936,0.922,0.956,1,1,0
0.6,0.7,0.5,dataset_condition,cuad|partial,0.511049723756906,0.9609295959054931,1500,1483,17,1086,0.73229939312205,0.724,0.7353333333333333,8,28,-20
0.6,0.7,0.5,dataset_condition,cuad|noisy,0.9440389294403893,0.9609295959054931,1500,1450,50,411,0.28344827586206894,0.274,0.30733333333333335,32,31,1
0.6,0.7,0.5,dataset_condition,cuad|stale,0.9672505712109672,0.9609295959054931,1500,1436,64,1313,0.9143454038997214,0.8753333333333333,0.918,2,2,0
0.6,0.7,0.5,dataset_condition,cuad|contradictory,0.900990099009901,0.9609295959054931,1500,1444,56,202,0.13988919667590027,0.13466666666666666,0.172,36,36,0
0.6,0.7,0.5,dataset_condition,casehold|clean,0.9721329046087889,0.9609295959054931,1500,1442,58,933,0.6470180305131762,0.622,0.6606666666666666,12,11,1
0.6,0.7,0.5,dataset_condition,casehold|missing,0.974816369359916,0.9609295959054931,1500,1443,57,953,0.6604296604296604,0.6353333333333333,0.6733333333333333,11,10,1
0.6,0.7,0.5,dataset_condition,casehold|partial,0.9746974697469747,0.9609295959054931,1500,1434,66,909,0.6338912133891214,0.606,0.65,14,13,1
0.6,0.7,0.5,dataset_condition,casehold|noisy,0.9654450261780104,0.9609295959054931,1500,1478,22,955,0.6461434370771313,0.6366666666666667,0.6513333333333333,13,12,1
0.6,0.7,0.5,dataset_condition,casehold|stale,0.9760479041916168,0.9609295959054931,1500,1488,12,1169,0.7856182795698925,0.7793333333333333,0.7873333333333333,5,5,0
0.6,0.7,0.5,dataset_condition,casehold|contradictory,0.9554263565891473,0.9609295959054931,1500,1465,35,1032,0.7044368600682593,0.688,0.7113333333333334,9,9,0
0.6,0.7,0.5,dataset_condition,finqa|clean,1.0,0.9609295959054931,1500,1484,16,1122,0.7560646900269542,0.748,0.7586666666666667,7,6,1
0.6,0.7,0.5,dataset_condition,finqa|missing,1.0,0.9609295959054931,1500,1496,4,360,0.24064171122994651,0.24,0.24266666666666667,34,33,1
0.6,0.7,0.5,dataset_condition,finqa|partial,1.0,0.9609295959054931,1500,1492,8,816,0.546916890080429,0.544,0.5493333333333333,19,18,1
0.6,0.7,0.5,dataset_condition,finqa|noisy,1.0,0.9609295959054931,1500,1496,4,803,0.5367647058823529,0.5353333333333333,0.538,21,19,2
0.6,0.7,0.5,dataset_condition,finqa|stale,1.0,0.9609295959054931,1500,1499,1,1269,0.8465643762508339,0.846,0.8466666666666667,3,3,0
0.6,0.7,0.5,dataset_condition,finqa|contradictory,1.0,0.9609295959054931,1500,1484,16,1000,0.6738544474393531,0.6666666666666666,0.6773333333333333,10,8,2
0.6,0.7,0.5,dataset_condition,tatqa|clean,0.9582863585118376,0.9609295959054931,1500,1495,5,887,0.5933110367892976,0.5913333333333334,0.5946666666666667,16,16,0
0.6,0.7,0.5,dataset_condition,tatqa|missing,0.9916765755053508,0.9609295959054931,1500,1485,15,841,0.5663299663299664,0.5606666666666666,0.5706666666666667,18,17,1
0.6,0.7,0.5,dataset_condition,tatqa|partial,0.9918793503480279,0.9609295959054931,1500,1493,7,862,0.5773610180843939,0.5746666666666667,0.5793333333333334,17,15,2
0.6,0.7,0.5,dataset_condition,tatqa|noisy,0.9526315789473684,0.9609295959054931,1500,1486,14,760,0.5114401076716016,0.5066666666666667,0.516,23,22,1
0.6,0.7,0.5,dataset_condition,tatqa|stale,0.9973262032085561,0.9609295959054931,1500,1481,19,1122,0.7575962187711006,0.748,0.7606666666666667,6,7,-1
0.6,0.7,0.5,dataset_condition,tatqa|contradictory,0.9397116644823067,0.9609295959054931,1500,1493,7,763,0.5110515740120563,0.5086666666666667,0.5133333333333333,24,23,1
0.6,0.7,0.6,model,qwen25_3b,0.9681339854750259,0.9544899842247819,12000,11717,283,6743,0.5754886062985406,0.5619166666666666,0.5855,1,1,0
0.6,0.7,0.6,model,qwen25_7b,0.9628988850442137,0.9544899842247819,12000,11922,78,5186,0.4349941285019292,0.43216666666666664,0.43866666666666665,4,4,0
0.6,0.7,0.6,model,mistral_7b,0.9516396845163968,0.9544899842247819,12000,11492,508,4770,0.41507135398538114,0.3975,0.43983333333333335,5,5,0
0.6,0.7,0.6,model,phi35_mini,0.9354838709677419,0.9544899842247819,12000,11792,208,4874,0.4133310719131615,0.4061666666666667,0.4235,6,6,0
0.6,0.7,0.6,model,granite33_8b,0.9650967840268252,0.9544899842247819,12000,11888,112,6537,0.5498822341857336,0.54475,0.5540833333333334,2,2,0
0.6,0.7,0.6,model,falcon3_7b,0.9361423220973782,0.9544899842247819,12000,11625,375,5262,0.45264516129032256,0.4385,0.46975,3,3,0
0.6,0.7,0.6,condition,clean,0.9565855704697986,0.9544899842247819,12000,11674,326,4723,0.40457426760322085,0.39358333333333334,0.42075,4,4,0
0.6,0.7,0.6,condition,missing,0.9783878504672897,0.9544899842247819,12000,11828,172,5121,0.43295569834291514,0.42675,0.4410833333333333,3,3,0
0.6,0.7,0.6,condition,partial,0.8959236773633998,0.9544899842247819,12000,11703,297,5764,0.4925232846278732,0.48033333333333333,0.5050833333333333,2,2,0
0.6,0.7,0.6,condition,noisy,0.9414307326561487,0.9544899842247819,12000,11729,271,4531,0.3863074430897775,0.3775833333333333,0.40016666666666667,5,5,0
0.6,0.7,0.6,condition,stale,0.9867090764512099,0.9544899842247819,12000,11800,200,8783,0.7443220338983051,0.7319166666666667,0.7485833333333334,1,1,0
0.6,0.7,0.6,condition,contradictory,0.9504224099599822,0.9544899842247819,12000,11702,298,4450,0.38027687574773544,0.37083333333333335,0.39566666666666667,6,6,0
0.6,0.7,0.6,dataset_condition,hotpotqa|clean,0.8322295805739515,0.9544899842247819,1500,1491,9,445,0.29845741113346747,0.2966666666666667,0.30266666666666664,31,32,-1
0.6,0.7,0.6,dataset_condition,hotpotqa|missing,0.961916461916462,0.9544899842247819,1500,1492,8,811,0.5435656836461126,0.5406666666666666,0.546,20,20,0
0.6,0.7,0.6,dataset_condition,hotpotqa|partial,0.9507133592736705,0.9544899842247819,1500,1497,3,771,0.5150300601202404,0.514,0.516,22,21,1
0.6,0.7,0.6,dataset_condition,hotpotqa|noisy,0.818359375,0.9544899842247819,1500,1494,6,502,0.3360107095046854,0.33466666666666667,0.33866666666666667,29,30,-1
0.6,0.7,0.6,dataset_condition,hotpotqa|stale,0.969264544456641,0.9544899842247819,1500,1489,11,907,0.6091336467427804,0.6046666666666667,0.612,15,14,1
0.6,0.7,0.6,dataset_condition,hotpotqa|contradictory,0.823076923076923,0.9544899842247819,1500,1488,12,385,0.25873655913978494,0.25666666666666665,0.26466666666666666,33,34,-1
0.6,0.7,0.6,dataset_condition,fever|clean,1.0,0.9544899842247819,1500,1439,61,83,0.057678943710910355,0.05533333333333333,0.096,41,41,0
0.6,0.7,0.6,dataset_condition,fever|missing,1.0,0.9544899842247819,1500,1473,27,137,0.09300746775288526,0.09133333333333334,0.10933333333333334,38,38,0
0.6,0.7,0.6,dataset_condition,fever|partial,1.0,0.9544899842247819,1500,1399,101,129,0.09220872051465333,0.086,0.15333333333333332,39,39,0
0.6,0.7,0.6,dataset_condition,fever|noisy,1.0,0.9544899842247819,1500,1415,85,81,0.05724381625441696,0.054,0.11066666666666666,42,42,0
0.6,0.7,0.6,dataset_condition,fever|stale,1.0,0.9544899842247819,1500,1459,41,670,0.4592186429061001,0.44666666666666666,0.474,25,24,1
0.6,0.7,0.6,dataset_condition,fever|contradictory,1.0,0.9544899842247819,1500,1418,82,128,0.09026798307475317,0.08533333333333333,0.14,40,40,0
0.6,0.7,0.6,dataset_condition,pubmedqa|clean,0.9675675675675676,0.9544899842247819,3000,2898,102,1074,0.37060041407867494,0.358,0.392,27,26,1
0.6,0.7,0.6,dataset_condition,pubmedqa|missing,0.9969135802469136,0.9544899842247819,3000,2990,10,646,0.21605351170568562,0.21533333333333332,0.21866666666666668,35,35,0
0.6,0.7,0.6,dataset_condition,pubmedqa|partial,1.0,0.9544899842247819,3000,2905,95,1192,0.4103270223752151,0.3973333333333333,0.429,26,25,1
0.6,0.7,0.6,dataset_condition,pubmedqa|noisy,0.9330316742081448,0.9544899842247819,3000,2910,90,1031,0.35429553264604813,0.3436666666666667,0.37366666666666665,28,27,1
0.6,0.7,0.6,dataset_condition,pubmedqa|stale,0.9995744680851064,0.9544899842247819,3000,2948,52,2349,0.7968113975576662,0.783,0.8003333333333333,4,4,0
0.6,0.7,0.6,dataset_condition,pubmedqa|contradictory,0.9623983739837398,0.9544899842247819,3000,2910,90,947,0.3254295532646048,0.31566666666666665,0.3456666666666667,30,29,1
0.6,0.7,0.6,dataset_condition,cuad|clean,0.8277777777777777,0.9544899842247819,1500,1425,75,180,0.12631578947368421,0.12,0.17,37,37,0
0.6,0.7,0.6,dataset_condition,cuad|missing,0.9732465654374548,0.9544899842247819,1500,1449,51,1383,0.9544513457556936,0.922,0.956,1,1,0
0.6,0.7,0.6,dataset_condition,cuad|partial,0.511049723756906,0.9544899842247819,1500,1483,17,1086,0.73229939312205,0.724,0.7353333333333333,8,28,-20
0.6,0.7,0.6,dataset_condition,cuad|noisy,0.9367396593673966,0.9544899842247819,1500,1450,50,408,0.2813793103448276,0.272,0.30533333333333335,32,31,1
0.6,0.7,0.6,dataset_condition,cuad|stale,0.9649390243902439,0.9544899842247819,1500,1436,64,1308,0.9108635097493036,0.872,0.9146666666666666,2,2,0
0.6,0.7,0.6,dataset_condition,cuad|contradictory,0.900990099009901,0.9544899842247819,1500,1444,56,202,0.13988919667590027,0.13466666666666666,0.172,36,36,0
0.6,0.7,0.6,dataset_condition,casehold|clean,0.9721329046087889,0.9544899842247819,1500,1442,58,933,0.6470180305131762,0.622,0.6606666666666666,12,11,1
0.6,0.7,0.6,dataset_condition,casehold|missing,0.974816369359916,0.9544899842247819,1500,1443,57,953,0.6604296604296604,0.6353333333333333,0.6733333333333333,11,10,1
0.6,0.7,0.6,dataset_condition,casehold|partial,0.9746974697469747,0.9544899842247819,1500,1434,66,909,0.6338912133891214,0.606,0.65,14,13,1
0.6,0.7,0.6,dataset_condition,casehold|noisy,0.9654450261780104,0.9544899842247819,1500,1478,22,955,0.6461434370771313,0.6366666666666667,0.6513333333333333,13,12,1
0.6,0.7,0.6,dataset_condition,casehold|stale,0.9743370402053037,0.9544899842247819,1500,1488,12,1167,0.7842741935483871,0.778,0.786,5,5,0
0.6,0.7,0.6,dataset_condition,casehold|contradictory,0.9554263565891473,0.9544899842247819,1500,1465,35,1032,0.7044368600682593,0.688,0.7113333333333334,9,9,0
0.6,0.7,0.6,dataset_condition,finqa|clean,1.0,0.9544899842247819,1500,1484,16,1122,0.7560646900269542,0.748,0.7586666666666667,6,6,0
0.6,0.7,0.6,dataset_condition,finqa|missing,0.9944444444444445,0.9544899842247819,1500,1496,4,358,0.2393048128342246,0.23866666666666667,0.24133333333333334,34,33,1
0.6,0.7,0.6,dataset_condition,finqa|partial,1.0,0.9544899842247819,1500,1492,8,816,0.546916890080429,0.544,0.5493333333333333,19,18,1
0.6,0.7,0.6,dataset_condition,finqa|noisy,0.9975093399750934,0.9544899842247819,1500,1496,4,801,0.535427807486631,0.534,0.5366666666666666,21,19,2
0.6,0.7,0.6,dataset_condition,finqa|stale,0.9976359338061466,0.9544899842247819,1500,1499,1,1266,0.8445630420280187,0.844,0.8446666666666667,3,3,0
0.6,0.7,0.6,dataset_condition,finqa|contradictory,1.0,0.9544899842247819,1500,1484,16,1000,0.6738544474393531,0.6666666666666666,0.6773333333333333,10,8,2
0.6,0.7,0.6,dataset_condition,tatqa|clean,0.9571589627959414,0.9544899842247819,1500,1495,5,886,0.5926421404682274,0.5906666666666667,0.594,16,16,0
0.6,0.7,0.6,dataset_condition,tatqa|missing,0.9821640903686087,0.9544899842247819,1500,1485,15,833,0.560942760942761,0.5553333333333333,0.5653333333333334,18,17,1
0.6,0.7,0.6,dataset_condition,tatqa|partial,0.9907192575406032,0.9544899842247819,1500,1493,7,861,0.5766912257200268,0.574,0.5786666666666667,17,15,2
0.6,0.7,0.6,dataset_condition,tatqa|noisy,0.9434210526315789,0.9544899842247819,1500,1486,14,753,0.5067294751009421,0.502,0.5113333333333333,23,22,1
0.6,0.7,0.6,dataset_condition,tatqa|stale,0.9919786096256684,0.9544899842247819,1500,1481,19,1116,0.7535449020931803,0.744,0.7566666666666667,7,7,0
0.6,0.7,0.6,dataset_condition,tatqa|contradictory,0.9330708661417323,0.9544899842247819,1500,1493,7,756,0.506363027461487,0.504,0.5086666666666667,24,23,1
0.6,0.8,0.4,model,qwen25_3b,0.9669482733066548,0.938446885138554,12000,11718,282,6735,0.5747567844342037,0.56125,0.58475,1,1,0
0.6,0.8,0.4,model,qwen25_7b,0.9534794309880815,0.938446885138554,12000,11926,74,5137,0.43073956062384705,0.4280833333333333,0.43425,3,4,-1
0.6,0.8,0.4,model,mistral_7b,0.9435567545133845,0.938446885138554,12000,11493,507,4733,0.4118158879317846,0.3944166666666667,0.43666666666666665,5,5,0
0.6,0.8,0.4,model,phi35_mini,0.9293831168831169,0.938446885138554,12000,11792,208,4842,0.4106173677069199,0.4035,0.42083333333333334,6,6,0
0.6,0.8,0.4,model,granite33_8b,0.9552238805970149,0.938446885138554,12000,11889,111,6482,0.5452098578517958,0.5401666666666667,0.5494166666666667,2,2,0
0.6,0.8,0.4,model,falcon3_7b,0.8708528584817244,0.938446885138554,12000,11628,372,4904,0.4217406260749914,0.4086666666666667,0.43966666666666665,4,3,1
0.6,0.8,0.4,condition,clean,0.9511427972321241,0.938446885138554,12000,11671,329,4699,0.40262188330048837,0.39158333333333334,0.419,4,4,0
0.6,0.8,0.4,condition,missing,0.9462093159228221,0.938446885138554,12000,11828,172,4946,0.4181602975989178,0.4121666666666667,0.4265,3,3,0
0.6,0.8,0.4,condition,partial,0.856795695191807,0.938446885138554,12000,11713,287,5531,0.47221036455220694,0.46091666666666664,0.48483333333333334,2,2,0
0.6,0.8,0.4,condition,noisy,0.9414813215288275,0.938446885138554,12000,11729,271,4539,0.3869895131724785,0.37825,0.4008333333333333,5,5,0
0.6,0.8,0.4,condition,stale,0.9794411631076784,0.938446885138554,12000,11802,198,8721,0.7389425521098119,0.72675,0.74325,1,1,0
0.6,0.8,0.4,condition,contradictory,0.9373472561652966,0.938446885138554,12000,11703,297,4397,0.37571562847133216,0.36641666666666667,0.39116666666666666,6,6,0
0.6,0.8,0.4,dataset_condition,hotpotqa|clean,0.8458149779735683,0.938446885138554,1500,1491,9,453,0.3038229376257545,0.302,0.308,31,32,-1
0.6,0.8,0.4,dataset_condition,hotpotqa|missing,0.9533169533169533,0.938446885138554,1500,1492,8,804,0.5388739946380697,0.536,0.5413333333333333,20,20,0
0.6,0.8,0.4,dataset_condition,hotpotqa|partial,0.9299610894941635,0.938446885138554,1500,1497,3,755,0.5043420173680695,0.5033333333333333,0.5053333333333333,24,21,3
0.6,0.8,0.4,dataset_condition,hotpotqa|noisy,0.8313953488372093,0.938446885138554,1500,1494,6,516,0.3453815261044177,0.344,0.348,29,30,-1
0.6,0.8,0.4,dataset_condition,hotpotqa|stale,0.9725576289791438,0.938446885138554,1500,1489,11,910,0.6111484217595702,0.6066666666666667,0.614,14,14,0
0.6,0.8,0.4,dataset_condition,hotpotqa|contradictory,0.826530612244898,0.938446885138554,1500,1488,12,390,0.2620967741935484,0.26,0.268,33,34,-1
0.6,0.8,0.4,dataset_condition,fever|clean,0.9879518072289156,0.938446885138554,1500,1439,61,82,0.05698401667824878,0.05466666666666667,0.09533333333333334,42,41,1
0.6,0.8,0.4,dataset_condition,fever|missing,1.0,0.938446885138554,1500,1473,27,137,0.09300746775288526,0.09133333333333334,0.10933333333333334,38,38,0
0.6,0.8,0.4,dataset_condition,fever|partial,0.9922480620155039,0.938446885138554,1500,1404,96,128,0.09116809116809117,0.08533333333333333,0.14933333333333335,39,39,0
0.6,0.8,0.4,dataset_condition,fever|noisy,1.0,0.938446885138554,1500,1415,85,81,0.05724381625441696,0.054,0.11066666666666666,41,42,-1
0.6,0.8,0.4,dataset_condition,fever|stale,0.9865671641791045,0.938446885138554,1500,1461,39,661,0.45242984257357977,0.44066666666666665,0.4666666666666667,25,24,1
0.6,0.8,0.4,dataset_condition,fever|contradictory,0.984375,0.938446885138554,1500,1419,81,126,0.08879492600422834,0.084,0.138,40,40,0
0.6,0.8,0.4,dataset_condition,pubmedqa|clean,0.9513513513513514,0.938446885138554,3000,2895,105,1056,0.36476683937823834,0.352,0.387,26,26,0
0.6,0.8,0.4,dataset_condition,pubmedqa|missing,0.8533950617283951,0.938446885138554,3000,2990,10,553,0.18494983277591973,0.18433333333333332,0.18766666666666668,35,35,0
0.6,0.8,0.4,dataset_condition,pubmedqa|partial,0.8699664429530202,0.938446885138554,3000,2910,90,1037,0.3563573883161512,0.3456666666666667,0.37566666666666665,27,25,2
0.6,0.8,0.4,dataset_condition,pubmedqa|noisy,0.9339366515837104,0.938446885138554,3000,2910,90,1032,0.354639175257732,0.344,0.374,28,27,1
0.6,0.8,0.4,dataset_condition,pubmedqa|stale,0.9782978723404255,0.938446885138554,3000,2948,52,2299,0.7798507462686567,0.7663333333333333,0.7836666666666666,5,4,1
0.6,0.8,0.4,dataset_condition,pubmedqa|contradictory,0.9115853658536586,0.938446885138554,3000,2910,90,897,0.3082474226804124,0.299,0.329,30,29,1
0.6,0.8,0.4,dataset_condition,cuad|clean,0.8166666666666667,0.938446885138554,1500,1425,75,178,0.12491228070175439,0.11866666666666667,0.16866666666666666,37,37,0
0.6,0.8,0.4,dataset_condition,cuad|missing,0.9732465654374548,0.938446885138554,1500,1449,51,1383,0.9544513457556936,0.922,0.956,1,1,0
0.6,0.8,0.4,dataset_condition,cuad|partial,0.5092421441774492,0.938446885138554,1500,1483,17,1078,0.7269049224544841,0.7186666666666667,0.73,8,28,-20
0.6,0.8,0.4,dataset_condition,cuad|noisy,0.9416058394160584,0.938446885138554,1500,1450,50,410,0.2827586206896552,0.2733333333333333,0.30666666666666664,32,31,1
0.6,0.8,0.4,dataset_condition,cuad|stale,0.9657273419649657,0.938446885138554,1500,1436,64,1311,0.9129526462395543,0.874,0.9166666666666666,2,2,0
0.6,0.8,0.4,dataset_condition,cuad|contradictory,0.900990099009901,0.938446885138554,1500,1444,56,202,0.13988919667590027,0.13466666666666666,0.172,36,36,0
0.6,0.8,0.4,dataset_condition,casehold|clean,0.9592711682743837,0.938446885138554,1500,1442,58,921,0.6386962552011096,0.614,0.6526666666666666,11,11,0
0.6,0.8,0.4,dataset_condition,casehold|missing,0.9124472573839663,0.938446885138554,1500,1443,57,884,0.6126126126126126,0.5893333333333334,0.6273333333333333,13,10,3
0.6,0.8,0.4,dataset_condition,casehold|partial,0.9295929592959296,0.938446885138554,1500,1434,66,868,0.6052998605299861,0.5786666666666667,0.6226666666666667,15,13,2
0.6,0.8,0.4,dataset_condition,casehold|noisy,0.949738219895288,0.938446885138554,1500,1478,22,940,0.6359945872801083,0.6266666666666667,0.6413333333333333,12,12,0
0.6,0.8,0.4,dataset_condition,casehold|stale,0.9734816082121471,0.938446885138554,1500,1488,12,1166,0.7836021505376344,0.7773333333333333,0.7853333333333333,4,5,-1
0.6,0.8,0.4,dataset_condition,casehold|contradictory,0.9496124031007752,0.938446885138554,1500,1465,35,1026,0.7003412969283277,0.684,0.7073333333333334,9,9,0
0.6,0.8,0.4,dataset_condition,finqa|clean,1.0,0.938446885138554,1500,1484,16,1122,0.7560646900269542,0.748,0.7586666666666667,6,6,0
0.6,0.8,0.4,dataset_condition,finqa|missing,0.9916666666666667,0.938446885138554,1500,1496,4,357,0.23863636363636365,0.238,0.24066666666666667,34,33,1
0.6,0.8,0.4,dataset_condition,finqa|partial,0.9975490196078431,0.938446885138554,1500,1492,8,814,0.5455764075067024,0.5426666666666666,0.548,19,18,1
0.6,0.8,0.4,dataset_condition,finqa|noisy,0.9975093399750934,0.938446885138554,1500,1496,4,801,0.535427807486631,0.534,0.5366666666666666,21,19,2
0.6,0.8,0.4,dataset_condition,finqa|stale,0.9984239558707644,0.938446885138554,1500,1499,1,1267,0.8452301534356238,0.8446666666666667,0.8453333333333334,3,3,0
0.6,0.8,0.4,dataset_condition,finqa|contradictory,0.995,0.938446885138554,1500,1484,16,995,0.6704851752021563,0.6633333333333333,0.674,10,8,2
0.6,0.8,0.4,dataset_condition,tatqa|clean,0.9582863585118376,0.938446885138554,1500,1495,5,887,0.5933110367892976,0.5913333333333334,0.5946666666666667,16,16,0
0.6,0.8,0.4,dataset_condition,tatqa|missing,0.976218787158145,0.938446885138554,1500,1485,15,828,0.5575757575757576,0.552,0.562,18,17,1
0.6,0.8,0.4,dataset_condition,tatqa|partial,0.9791183294663574,0.938446885138554,1500,1493,7,851,0.5699933020763563,0.5673333333333334,0.572,17,15,2
0.6,0.8,0.4,dataset_condition,tatqa|noisy,0.9513157894736842,0.938446885138554,1500,1486,14,759,0.5107671601615074,0.506,0.5153333333333333,22,22,0
0.6,0.8,0.4,dataset_condition,tatqa|stale,0.983957219251337,0.938446885138554,1500,1481,19,1107,0.7474679270762998,0.738,0.7506666666666667,7,7,0
0.6,0.8,0.4,dataset_condition,tatqa|contradictory,0.9370904325032765,0.938446885138554,1500,1493,7,761,0.5097119892833222,0.5073333333333333,0.512,23,23,0
0.6,0.8,0.5,model,qwen25_3b,0.9669482733066548,0.9384748184307655,12000,11718,282,6735,0.5747567844342037,0.56125,0.58475,1,1,0
0.6,0.8,0.5,model,qwen25_7b,0.9534794309880815,0.9384748184307655,12000,11926,74,5137,0.43073956062384705,0.4280833333333333,0.43425,3,4,-1
0.6,0.8,0.5,model,mistral_7b,0.9437525944375259,0.9384748184307655,12000,11493,507,4732,0.4117288784477508,0.3943333333333333,0.4365833333333333,5,5,0
0.6,0.8,0.5,model,phi35_mini,0.9293831168831169,0.9384748184307655,12000,11792,208,4842,0.4106173677069199,0.4035,0.42083333333333334,6,6,0
0.6,0.8,0.5,model,granite33_8b,0.9552238805970149,0.9384748184307655,12000,11889,111,6482,0.5452098578517958,0.5401666666666667,0.5494166666666667,2,2,0
0.6,0.8,0.5,model,falcon3_7b,0.8708528584817244,0.9384748184307655,12000,11628,372,4904,0.4217406260749914,0.4086666666666667,0.43966666666666665,4,3,1
0.6,0.8,0.5,condition,clean,0.9511427972321241,0.9384748184307655,12000,11671,329,4699,0.40262188330048837,0.39158333333333334,0.419,4,4,0
0.6,0.8,0.5,condition,missing,0.9462093159228221,0.9384748184307655,12000,11828,172,4946,0.4181602975989178,0.4121666666666667,0.4265,3,3,0
0.6,0.8,0.5,condition,partial,0.856795695191807,0.9384748184307655,12000,11713,287,5531,0.47221036455220694,0.46091666666666664,0.48483333333333334,2,2,0
0.6,0.8,0.5,condition,noisy,0.9416846652267818,0.9384748184307655,12000,11729,271,4538,0.3869042544121408,0.37816666666666665,0.40075,5,5,0
0.6,0.8,0.5,condition,stale,0.9794411631076784,0.9384748184307655,12000,11802,198,8721,0.7389425521098119,0.72675,0.74325,1,1,0
0.6,0.8,0.5,condition,contradictory,0.9373472561652966,0.9384748184307655,12000,11703,297,4397,0.37571562847133216,0.36641666666666667,0.39116666666666666,6,6,0
0.6,0.8,0.5,dataset_condition,hotpotqa|clean,0.8458149779735683,0.9384748184307655,1500,1491,9,453,0.3038229376257545,0.302,0.308,31,32,-1
0.6,0.8,0.5,dataset_condition,hotpotqa|missing,0.9533169533169533,0.9384748184307655,1500,1492,8,804,0.5388739946380697,0.536,0.5413333333333333,20,20,0
0.6,0.8,0.5,dataset_condition,hotpotqa|partial,0.9299610894941635,0.9384748184307655,1500,1497,3,755,0.5043420173680695,0.5033333333333333,0.5053333333333333,24,21,3
0.6,0.8,0.5,dataset_condition,hotpotqa|noisy,0.8330097087378641,0.9384748184307655,1500,1494,6,515,0.34471218206157966,0.3433333333333333,0.3473333333333333,29,30,-1
0.6,0.8,0.5,dataset_condition,hotpotqa|stale,0.9725576289791438,0.9384748184307655,1500,1489,11,910,0.6111484217595702,0.6066666666666667,0.614,14,14,0
0.6,0.8,0.5,dataset_condition,hotpotqa|contradictory,0.826530612244898,0.9384748184307655,1500,1488,12,390,0.2620967741935484,0.26,0.268,33,34,-1
0.6,0.8,0.5,dataset_condition,fever|clean,0.9879518072289156,0.9384748184307655,1500,1439,61,82,0.05698401667824878,0.05466666666666667,0.09533333333333334,42,41,1
0.6,0.8,0.5,dataset_condition,fever|missing,1.0,0.9384748184307655,1500,1473,27,137,0.09300746775288526,0.09133333333333334,0.10933333333333334,38,38,0
0.6,0.8,0.5,dataset_condition,fever|partial,0.9922480620155039,0.9384748184307655,1500,1404,96,128,0.09116809116809117,0.08533333333333333,0.14933333333333335,39,39,0
0.6,0.8,0.5,dataset_condition,fever|noisy,1.0,0.9384748184307655,1500,1415,85,81,0.05724381625441696,0.054,0.11066666666666666,41,42,-1
0.6,0.8,0.5,dataset_condition,fever|stale,0.9865671641791045,0.9384748184307655,1500,1461,39,661,0.45242984257357977,0.44066666666666665,0.4666666666666667,25,24,1
0.6,0.8,0.5,dataset_condition,fever|contradictory,0.984375,0.9384748184307655,1500,1419,81,126,0.08879492600422834,0.084,0.138,40,40,0
0.6,0.8,0.5,dataset_condition,pubmedqa|clean,0.9513513513513514,0.9384748184307655,3000,2895,105,1056,0.36476683937823834,0.352,0.387,26,26,0
0.6,0.8,0.5,dataset_condition,pubmedqa|missing,0.8533950617283951,0.9384748184307655,3000,2990,10,553,0.18494983277591973,0.18433333333333332,0.18766666666666668,35,35,0
0.6,0.8,0.5,dataset_condition,pubmedqa|partial,0.8699664429530202,0.9384748184307655,3000,2910,90,1037,0.3563573883161512,0.3456666666666667,0.37566666666666665,27,25,2
0.6,0.8,0.5,dataset_condition,pubmedqa|noisy,0.9339366515837104,0.9384748184307655,3000,2910,90,1032,0.354639175257732,0.344,0.374,28,27,1
0.6,0.8,0.5,dataset_condition,pubmedqa|stale,0.9782978723404255,0.9384748184307655,3000,2948,52,2299,0.7798507462686567,0.7663333333333333,0.7836666666666666,5,4,1
0.6,0.8,0.5,dataset_condition,pubmedqa|contradictory,0.9115853658536586,0.9384748184307655,3000,2910,90,897,0.3082474226804124,0.299,0.329,30,29,1
0.6,0.8,0.5,dataset_condition,cuad|clean,0.8166666666666667,0.9384748184307655,1500,1425,75,178,0.12491228070175439,0.11866666666666667,0.16866666666666666,37,37,0
0.6,0.8,0.5,dataset_condition,cuad|missing,0.9732465654374548,0.9384748184307655,1500,1449,51,1383,0.9544513457556936,0.922,0.956,1,1,0
0.6,0.8,0.5,dataset_condition,cuad|partial,0.5092421441774492,0.9384748184307655,1500,1483,17,1078,0.7269049224544841,0.7186666666666667,0.73,8,28,-20
0.6,0.8,0.5,dataset_condition,cuad|noisy,0.9416058394160584,0.9384748184307655,1500,1450,50,410,0.2827586206896552,0.2733333333333333,0.30666666666666664,32,31,1
0.6,0.8,0.5,dataset_condition,cuad|stale,0.9657273419649657,0.9384748184307655,1500,1436,64,1311,0.9129526462395543,0.874,0.9166666666666666,2,2,0
0.6,0.8,0.5,dataset_condition,cuad|contradictory,0.900990099009901,0.9384748184307655,1500,1444,56,202,0.13988919667590027,0.13466666666666666,0.172,36,36,0
0.6,0.8,0.5,dataset_condition,casehold|clean,0.9592711682743837,0.9384748184307655,1500,1442,58,921,0.6386962552011096,0.614,0.6526666666666666,11,11,0
0.6,0.8,0.5,dataset_condition,casehold|missing,0.9124472573839663,0.9384748184307655,1500,1443,57,884,0.6126126126126126,0.5893333333333334,0.6273333333333333,13,10,3
0.6,0.8,0.5,dataset_condition,casehold|partial,0.9295929592959296,0.9384748184307655,1500,1434,66,868,0.6052998605299861,0.5786666666666667,0.6226666666666667,15,13,2
0.6,0.8,0.5,dataset_condition,casehold|noisy,0.949738219895288,0.9384748184307655,1500,1478,22,940,0.6359945872801083,0.6266666666666667,0.6413333333333333,12,12,0
0.6,0.8,0.5,dataset_condition,casehold|stale,0.9734816082121471,0.9384748184307655,1500,1488,12,1166,0.7836021505376344,0.7773333333333333,0.7853333333333333,4,5,-1
0.6,0.8,0.5,dataset_condition,casehold|contradictory,0.9496124031007752,0.9384748184307655,1500,1465,35,1026,0.7003412969283277,0.684,0.7073333333333334,9,9,0
0.6,0.8,0.5,dataset_condition,finqa|clean,1.0,0.9384748184307655,1500,1484,16,1122,0.7560646900269542,0.748,0.7586666666666667,6,6,0
0.6,0.8,0.5,dataset_condition,finqa|missing,0.9916666666666667,0.9384748184307655,1500,1496,4,357,0.23863636363636365,0.238,0.24066666666666667,34,33,1
0.6,0.8,0.5,dataset_condition,finqa|partial,0.9975490196078431,0.9384748184307655,1500,1492,8,814,0.5455764075067024,0.5426666666666666,0.548,19,18,1
0.6,0.8,0.5,dataset_condition,finqa|noisy,0.9975093399750934,0.9384748184307655,1500,1496,4,801,0.535427807486631,0.534,0.5366666666666666,21,19,2
0.6,0.8,0.5,dataset_condition,finqa|stale,0.9984239558707644,0.9384748184307655,1500,1499,1,1267,0.8452301534356238,0.8446666666666667,0.8453333333333334,3,3,0
0.6,0.8,0.5,dataset_condition,finqa|contradictory,0.995,0.9384748184307655,1500,1484,16,995,0.6704851752021563,0.6633333333333333,0.674,10,8,2
0.6,0.8,0.5,dataset_condition,tatqa|clean,0.9582863585118376,0.9384748184307655,1500,1495,5,887,0.5933110367892976,0.5913333333333334,0.5946666666666667,16,16,0
0.6,0.8,0.5,dataset_condition,tatqa|missing,0.976218787158145,0.9384748184307655,1500,1485,15,828,0.5575757575757576,0.552,0.562,18,17,1
0.6,0.8,0.5,dataset_condition,tatqa|partial,0.9791183294663574,0.9384748184307655,1500,1493,7,851,0.5699933020763563,0.5673333333333334,0.572,17,15,2
0.6,0.8,0.5,dataset_condition,tatqa|noisy,0.9513157894736842,0.9384748184307655,1500,1486,14,759,0.5107671601615074,0.506,0.5153333333333333,22,22,0
0.6,0.8,0.5,dataset_condition,tatqa|stale,0.983957219251337,0.9384748184307655,1500,1481,19,1107,0.7474679270762998,0.738,0.7506666666666667,7,7,0
0.6,0.8,0.5,dataset_condition,tatqa|contradictory,0.9370904325032765,0.9384748184307655,1500,1493,7,761,0.5097119892833222,0.5073333333333333,0.512,23,23,0
0.6,0.8,0.6,model,qwen25_3b,0.9663554172224692,0.9324738738202281,12000,11718,282,6731,0.5744154292541389,0.5609166666666666,0.5844166666666667,1,1,0
0.6,0.8,0.6,model,qwen25_7b,0.9504036908881199,0.9324738738202281,12000,11927,73,5121,0.4293619518738996,0.42675,0.43283333333333335,3,4,-1
0.6,0.8,0.6,model,mistral_7b,0.933997509339975,0.9324738738202281,12000,11493,507,4685,0.4076394326981641,0.3904166666666667,0.43266666666666664,5,5,0
0.6,0.8,0.6,model,phi35_mini,0.9191878172588832,0.9324738738202281,12000,11792,208,4786,0.4058683853459973,0.3988333333333333,0.4161666666666667,6,6,0
0.6,0.8,0.6,model,granite33_8b,0.9524462734339277,0.9324738738202281,12000,11890,110,6454,0.5428090832632464,0.5378333333333334,0.547,2,2,0
0.6,0.8,0.6,model,falcon3_7b,0.8584551931008624,0.9324738738202281,12000,11635,365,4836,0.41564245810055866,0.403,0.4334166666666667,4,3,1
0.6,0.8,0.6,condition,clean,0.9421140939597316,0.9324738738202281,12000,11675,325,4654,0.3986295503211991,0.3878333333333333,0.41491666666666666,4,4,0
0.6,0.8,0.6,condition,missing,0.9436647173489279,0.9324738738202281,12000,11828,172,4931,0.41689212039228946,0.41091666666666665,0.42525,3,3,0
0.6,0.8,0.6,condition,partial,0.8566221142162819,0.9324738738202281,12000,11713,287,5530,0.472124989328097,0.4608333333333333,0.48475,2,2,0
0.6,0.8,0.6,condition,noisy,0.923276421007132,0.9324738738202281,12000,11732,268,4447,0.3790487555404023,0.3705833333333333,0.3929166666666667,5,5,0
0.6,0.8,0.6,condition,stale,0.9773940702033398,0.9324738738202281,12000,11802,198,8701,0.7372479240806643,0.7250833333333333,0.7415833333333334,1,1,0
0.6,0.8,0.6,condition,contradictory,0.9281903068030236,0.9324738738202281,12000,11705,295,4350,0.37163605296881674,0.3625,0.38708333333333333,6,6,0
0.6,0.8,0.6,dataset_condition,hotpotqa|clean,0.8300220750551877,0.9324738738202281,1500,1491,9,444,0.2977867203219316,0.296,0.302,30,32,-2
0.6,0.8,0.6,dataset_condition,hotpotqa|missing,0.95079950799508,0.9324738738202281,1500,1492,8,800,0.5361930294906166,0.5333333333333333,0.5386666666666666,20,20,0
0.6,0.8,0.6,dataset_condition,hotpotqa|partial,0.9299610894941635,0.9324738738202281,1500,1497,3,755,0.5043420173680695,0.5033333333333333,0.5053333333333333,24,21,3
0.6,0.8,0.6,dataset_condition,hotpotqa|noisy,0.818359375,0.9324738738202281,1500,1494,6,502,0.3360107095046854,0.33466666666666667,0.33866666666666667,28,30,-2
0.6,0.8,0.6,dataset_condition,hotpotqa|stale,0.9681668496158068,0.9324738738202281,1500,1489,11,906,0.6084620550705171,0.604,0.6113333333333333,14,14,0
0.6,0.8,0.6,dataset_condition,hotpotqa|contradictory,0.8179487179487179,0.9324738738202281,1500,1488,12,383,0.25739247311827956,0.25533333333333336,0.2633333333333333,33,34,-1
0.6,0.8,0.6,dataset_condition,fever|clean,0.9879518072289156,0.9324738738202281,1500,1439,61,82,0.05698401667824878,0.05466666666666667,0.09533333333333334,42,41,1
0.6,0.8,0.6,dataset_condition,fever|missing,1.0,0.9324738738202281,1500,1473,27,137,0.09300746775288526,0.09133333333333334,0.10933333333333334,38,38,0
0.6,0.8,0.6,dataset_condition,fever|partial,0.9922480620155039,0.9324738738202281,1500,1404,96,128,0.09116809116809117,0.08533333333333333,0.14933333333333335,39,39,0
0.6,0.8,0.6,dataset_condition,fever|noisy,1.0,0.9324738738202281,1500,1415,85,81,0.05724381625441696,0.054,0.11066666666666666,41,42,-1
0.6,0.8,0.6,dataset_condition,fever|stale,0.9865671641791045,0.9324738738202281,1500,1461,39,661,0.45242984257357977,0.44066666666666665,0.4666666666666667,25,24,1
0.6,0.8,0.6,dataset_condition,fever|contradictory,0.984375,0.9324738738202281,1500,1419,81,126,0.08879492600422834,0.084,0.138,40,40,0
0.6,0.8,0.6,dataset_condition,pubmedqa|clean,0.9198198198198199,0.9324738738202281,3000,2899,101,1021,0.3521904104863746,0.3403333333333333,0.374,27,26,1
0.6,0.8,0.6,dataset_condition,pubmedqa|missing,0.8503086419753086,0.9324738738202281,3000,2990,10,551,0.1842809364548495,0.18366666666666667,0.187,35,35,0
0.6,0.8,0.6,dataset_condition,pubmedqa|partial,0.8699664429530202,0.9324738738202281,3000,2910,90,1037,0.3563573883161512,0.3456666666666667,0.37566666666666665,26,25,1
0.6,0.8,0.6,dataset_condition,pubmedqa|noisy,0.8742081447963801,0.9324738738202281,3000,2913,87,966,0.33161688980432547,0.322,0.351,29,27,2
0.6,0.8,0.6,dataset_condition,pubmedqa|stale,0.9782978723404255,0.9324738738202281,3000,2948,52,2299,0.7798507462686567,0.7663333333333333,0.7836666666666666,5,4,1
0.6,0.8,0.6,dataset_condition,pubmedqa|contradictory,0.8780487804878049,0.9324738738202281,3000,2912,88,864,0.2967032967032967,0.288,0.31733333333333336,31,29,2
0.6,0.8,0.6,dataset_condition,cuad|clean,0.8166666666666667,0.9324738738202281,1500,1425,75,178,0.12491228070175439,0.11866666666666667,0.16866666666666666,37,37,0
0.6,0.8,0.6,dataset_condition,cuad|missing,0.9732465654374548,0.9324738738202281,1500,1449,51,1383,0.9544513457556936,0.922,0.956,1,1,0
0.6,0.8,0.6,dataset_condition,cuad|partial,0.5092421441774492,0.9324738738202281,1500,1483,17,1078,0.7269049224544841,0.7186666666666667,0.73,8,28,-20
0.6,0.8,0.6,dataset_condition,cuad|noisy,0.9343065693430657,0.9324738738202281,1500,1450,50,407,0.2806896551724138,0.2713333333333333,0.30466666666666664,32,31,1
0.6,0.8,0.6,dataset_condition,cuad|stale,0.9634146341463414,0.9324738738202281,1500,1436,64,1306,0.9094707520891365,0.8706666666666667,0.9133333333333333,2,2,0
0.6,0.8,0.6,dataset_condition,cuad|contradictory,0.900990099009901,0.9324738738202281,1500,1444,56,202,0.13988919667590027,0.13466666666666666,0.172,36,36,0
0.6,0.8,0.6,dataset_condition,casehold|clean,0.9592711682743837,0.9324738738202281,1500,1442,58,921,0.6386962552011096,0.614,0.6526666666666666,11,11,0
0.6,0.8,0.6,dataset_condition,casehold|missing,0.9124472573839663,0.9324738738202281,1500,1443,57,884,0.6126126126126126,0.5893333333333334,0.6273333333333333,13,10,3
0.6,0.8,0.6,dataset_condition,casehold|partial,0.9295929592959296,0.9324738738202281,1500,1434,66,868,0.6052998605299861,0.5786666666666667,0.6226666666666667,15,13,2
0.6,0.8,0.6,dataset_condition,casehold|noisy,0.949738219895288,0.9324738738202281,1500,1478,22,940,0.6359945872801083,0.6266666666666667,0.6413333333333333,12,12,0
0.6,0.8,0.6,dataset_condition,casehold|stale,0.9717707442258341,0.9324738738202281,1500,1488,12,1164,0.782258064516129,0.776,0.784,4,5,-1
0.6,0.8,0.6,dataset_condition,casehold|contradictory,0.9496124031007752,0.9324738738202281,1500,1465,35,1026,0.7003412969283277,0.684,0.7073333333333334,9,9,0
0.6,0.8,0.6,dataset_condition,finqa|clean,1.0,0.9324738738202281,1500,1484,16,1122,0.7560646900269542,0.748,0.7586666666666667,6,6,0
0.6,0.8,0.6,dataset_condition,finqa|missing,0.9861111111111112,0.9324738738202281,1500,1496,4,355,0.23729946524064172,0.23666666666666666,0.23933333333333334,34,33,1
0.6,0.8,0.6,dataset_condition,finqa|partial,0.9975490196078431,0.9324738738202281,1500,1492,8,814,0.5455764075067024,0.5426666666666666,0.548,19,18,1
0.6,0.8,0.6,dataset_condition,finqa|noisy,0.9950186799501868,0.9324738738202281,1500,1496,4,799,0.5340909090909091,0.5326666666666666,0.5353333333333333,21,19,2
0.6,0.8,0.6,dataset_condition,finqa|stale,0.996059889676911,0.9324738738202281,1500,1499,1,1264,0.8432288192128086,0.8426666666666667,0.8433333333333334,3,3,0
0.6,0.8,0.6,dataset_condition,finqa|contradictory,0.995,0.9324738738202281,1500,1484,16,995,0.6704851752021563,0.6633333333333333,0.674,10,8,2
0.6,0.8,0.6,dataset_condition,tatqa|clean,0.9571589627959414,0.9324738738202281,1500,1495,5,886,0.5926421404682274,0.5906666666666667,0.594,16,16,0
0.6,0.8,0.6,dataset_condition,tatqa|missing,0.9678953626634959,0.9324738738202281,1500,1485,15,821,0.5528619528619528,0.5473333333333333,0.5573333333333333,18,17,1
0.6,0.8,0.6,dataset_condition,tatqa|partial,0.9779582366589327,0.9324738738202281,1500,1493,7,850,0.5693235097119893,0.5666666666666667,0.5713333333333334,17,15,2
0.6,0.8,0.6,dataset_condition,tatqa|noisy,0.9421052631578948,0.9324738738202281,1500,1486,14,752,0.506056527590848,0.5013333333333333,0.5106666666666667,22,22,0
0.6,0.8,0.6,dataset_condition,tatqa|stale,0.9786096256684492,0.9324738738202281,1500,1481,19,1101,0.7434166103983795,0.734,0.7466666666666667,7,7,0
0.6,0.8,0.6,dataset_condition,tatqa|contradictory,0.9304461942257218,0.9324738738202281,1500,1493,7,754,0.5050234427327528,0.5026666666666667,0.5073333333333333,23,23,0
